time,strategy,symbol,side,type,status,multiplier,time_in_force,asset.strike,asset.multiplier,asset.asset_type,price,filled_quantity,trade_cost
2020-06-11 09:30:00-04:00,MLTrader,SPY,sell,market,new,1,gtc,0.0,1,stock,,,
2020-06-11 09:30:00-04:00,MLTrader,SPY,sell,market,fill,1,gtc,0.0,1,stock,311.4599914550781,80.0,0.0
2020-06-15 09:30:00-04:00,MLTrader,SPY,sell,market,new,1,gtc,0.0,1,stock,,,
2020-06-15 09:30:00-04:00,MLTrader,SPY,sell,market,fill,1,gtc,0.0,1,stock,298.0199890136719,105.0,0.0
2020-06-16 09:30:00-04:00,MLTrader,SPY,buy,limit,canceled,1,day,0.0,1,stock,,,
2020-06-16 09:30:00-04:00,MLTrader,SPY,buy,stop,fill,1,day,0.0,1,stock,315.4800109863281,105.0,0.0
2020-06-17 09:30:00-04:00,MLTrader,SPY,sell,market,new,1,gtc,0.0,1,stock,,,
2020-06-17 09:30:00-04:00,MLTrader,SPY,sell,market,fill,1,gtc,0.0,1,stock,314.07000732421875,98.0,0.0
2020-06-22 09:30:00-04:00,MLTrader,SPY,sell,market,new,1,gtc,0.0,1,stock,,,
2020-06-22 09:30:00-04:00,MLTrader,SPY,sell,market,fill,1,gtc,0.0,1,stock,307.989990234375,125.0,0.0
2020-06-25 09:30:00-04:00,MLTrader,SPY,buy,limit,canceled,1,day,0.0,1,stock,,,
2020-06-25 09:30:00-04:00,MLTrader,SPY,buy,stop,canceled,1,day,0.0,1,stock,,,
2020-06-25 09:30:00-04:00,MLTrader,SPY,buy,stop,canceled,1,day,0.0,1,stock,,,
2020-06-25 09:30:00-04:00,MLTrader,SPY,buy,stop,canceled,1,day,0.0,1,stock,,,
2020-06-25 09:30:00-04:00,MLTrader,SPY,buy,limit,canceled,1,day,0.0,1,stock,,,
2020-06-25 09:30:00-04:00,MLTrader,SPY,buy,limit,canceled,1,day,0.0,1,stock,,,
2020-06-25 09:30:00-04:00,MLTrader,SPY,buy,market,new,1,day,0.0,1,stock,,,
2020-06-25 09:30:00-04:00,MLTrader,SPY,buy,market,new,1,gtc,0.0,1,stock,,,
2020-06-25 09:30:00-04:00,MLTrader,SPY,buy,market,fill,1,gtc,0.0,1,stock,303.4700012207031,158.0,0.0
2020-06-25 09:30:00-04:00,MLTrader,SPY,buy,market,fill,1,day,0.0,1,stock,303.4700012207031,303.0,0.0
2020-06-30 09:30:00-04:00,MLTrader,SPY,sell,limit,canceled,1,day,0.0,1,stock,,,
2020-06-30 09:30:00-04:00,MLTrader,SPY,sell,stop,canceled,1,day,0.0,1,stock,,,
2020-06-30 09:30:00-04:00,MLTrader,SPY,sell,market,new,1,day,0.0,1,stock,,,
2020-06-30 09:30:00-04:00,MLTrader,SPY,sell,market,new,1,gtc,0.0,1,stock,,,
2020-06-30 09:30:00-04:00,MLTrader,SPY,sell,market,fill,1,day,0.0,1,stock,303.989990234375,158.0,0.0
2020-06-30 09:30:00-04:00,MLTrader,SPY,sell,market,fill,1,gtc,0.0,1,stock,303.989990234375,43.0,0.0
2020-07-01 09:30:00-04:00,MLTrader,SPY,buy,limit,canceled,1,day,0.0,1,stock,,,
2020-07-01 09:30:00-04:00,MLTrader,SPY,buy,stop,canceled,1,day,0.0,1,stock,,,
2020-07-01 09:30:00-04:00,MLTrader,SPY,buy,market,new,1,day,0.0,1,stock,,,
2020-07-01 09:30:00-04:00,MLTrader,SPY,buy,market,new,1,gtc,0.0,1,stock,,,
2020-07-01 09:30:00-04:00,MLTrader,SPY,buy,market,fill,1,gtc,0.0,1,stock,309.57000732421875,92.0,0.0
2020-07-01 09:30:00-04:00,MLTrader,SPY,buy,market,fill,1,day,0.0,1,stock,309.57000732421875,43.0,0.0
2020-07-06 09:30:00-04:00,MLTrader,SPY,sell,stop,canceled,1,day,0.0,1,stock,,,
2020-07-06 09:30:00-04:00,MLTrader,SPY,sell,limit,canceled,1,day,0.0,1,stock,,,
2020-07-06 09:30:00-04:00,MLTrader,SPY,sell,market,new,1,day,0.0,1,stock,,,
2020-07-06 09:30:00-04:00,MLTrader,SPY,sell,market,new,1,gtc,0.0,1,stock,,,
2020-07-06 09:30:00-04:00,MLTrader,SPY,sell,market,fill,1,gtc,0.0,1,stock,316.3699951171875,57.0,0.0
2020-07-06 09:30:00-04:00,MLTrader,SPY,sell,market,fill,1,day,0.0,1,stock,316.3699951171875,92.0,0.0
2020-07-16 09:30:00-04:00,MLTrader,SPY,buy,stop,canceled,1,day,0.0,1,stock,,,
2020-07-16 09:30:00-04:00,MLTrader,SPY,buy,limit,canceled,1,day,0.0,1,stock,,,
2020-07-16 09:30:00-04:00,MLTrader,SPY,buy,market,new,1,day,0.0,1,stock,,,
2020-07-16 09:30:00-04:00,MLTrader,SPY,buy,market,new,1,gtc,0.0,1,stock,,,
2020-07-16 09:30:00-04:00,MLTrader,SPY,buy,market,fill,1,gtc,0.0,1,stock,319.7900085449219,93.0,0.0
2020-07-16 09:30:00-04:00,MLTrader,SPY,buy,market,fill,1,day,0.0,1,stock,319.7900085449219,57.0,0.0
2020-07-30 09:30:00-04:00,MLTrader,SPY,buy,market,new,1,gtc,0.0,1,stock,,,
2020-07-30 09:30:00-04:00,MLTrader,SPY,buy,market,fill,1,gtc,0.0,1,stock,321.8999938964844,55.0,0.0
2020-08-05 09:30:00-04:00,MLTrader,SPY,buy,market,new,1,gtc,0.0,1,stock,,,
2020-08-05 09:30:00-04:00,MLTrader,SPY,buy,market,fill,1,gtc,0.0,1,stock,331.4700012207031,40.0,0.0
2020-08-11 09:30:00-04:00,MLTrader,SPY,sell,limit,canceled,1,day,0.0,1,stock,,,
2020-08-11 09:30:00-04:00,MLTrader,SPY,sell,stop,canceled,1,day,0.0,1,stock,,,
2020-08-11 09:30:00-04:00,MLTrader,SPY,sell,stop,canceled,1,day,0.0,1,stock,,,
2020-08-11 09:30:00-04:00,MLTrader,SPY,sell,stop,canceled,1,day,0.0,1,stock,,,
2020-08-11 09:30:00-04:00,MLTrader,SPY,sell,limit,canceled,1,day,0.0,1,stock,,,
2020-08-11 09:30:00-04:00,MLTrader,SPY,sell,limit,canceled,1,day,0.0,1,stock,,,
2020-08-11 09:30:00-04:00,MLTrader,SPY,sell,market,new,1,day,0.0,1,stock,,,
2020-08-11 09:30:00-04:00,MLTrader,SPY,sell,market,new,1,gtc,0.0,1,stock,,,
2020-08-11 09:30:00-04:00,MLTrader,SPY,sell,market,fill,1,day,0.0,1,stock,336.8500061035156,188.0,0.0
2020-08-11 09:30:00-04:00,MLTrader,SPY,sell,market,fill,1,gtc,0.0,1,stock,336.8500061035156,29.0,0.0
2020-08-28 09:30:00-04:00,MLTrader,SPY,sell,market,new,1,gtc,0.0,1,stock,,,
2020-08-28 09:30:00-04:00,MLTrader,SPY,sell,market,fill,1,gtc,0.0,1,stock,349.44000244140625,81.0,0.0
2020-09-01 09:30:00-04:00,MLTrader,SPY,sell,market,new,1,gtc,0.0,1,stock,,,
2020-09-01 09:30:00-04:00,MLTrader,SPY,sell,market,fill,1,gtc,0.0,1,stock,350.2099914550781,101.0,0.0
2020-09-02 09:30:00-04:00,MLTrader,SPY,buy,limit,canceled,1,day,0.0,1,stock,,,
2020-09-02 09:30:00-04:00,MLTrader,SPY,buy,stop,fill,1,day,0.0,1,stock,354.6700134277344,29.0,0.0
2020-09-03 09:30:00-04:00,MLTrader,SPY,sell,market,new,1,gtc,0.0,1,stock,,,
2020-09-03 09:30:00-04:00,MLTrader,SPY,sell,market,fill,1,gtc,0.0,1,stock,355.8699951171875,117.0,0.0
2020-09-11 09:30:00-04:00,MLTrader,SPY,sell,market,new,1,gtc,0.0,1,stock,,,
2020-09-11 09:30:00-04:00,MLTrader,SPY,sell,market,fill,1,gtc,0.0,1,stock,335.82000732421875,155.0,0.0
2020-09-14 09:30:00-04:00,MLTrader,SPY,sell,market,new,1,gtc,0.0,1,stock,,,
2020-09-14 09:30:00-04:00,MLTrader,SPY,sell,market,fill,1,gtc,0.0,1,stock,337.489990234375,193.0,0.0
2020-09-15 09:30:00-04:00,MLTrader,SPY,sell,market,new,1,gtc,0.0,1,stock,,,
2020-09-15 09:30:00-04:00,MLTrader,SPY,sell,market,fill,1,gtc,0.0,1,stock,341.1199951171875,238.0,0.0
2020-10-12 08:30:00-04:00,MLTrader,SPY,buy,limit,canceled,1,day,0.0,1,stock,,,
2020-10-12 08:30:00-04:00,MLTrader,SPY,buy,stop,fill,1,day,0.0,1,stock,352.6110076904297,155.0,0.0
2020-10-13 09:30:00-04:00,MLTrader,SPY,sell,market,new,1,gtc,0.0,1,stock,,,
2020-10-13 09:30:00-04:00,MLTrader,SPY,sell,market,fill,1,gtc,0.0,1,stock,352.2799987792969,249.0,0.0
2020-10-26 09:30:00-04:00,MLTrader,SPY,buy,stop,canceled,1,day,0.0,1,stock,,,
2020-10-26 09:30:00-04:00,MLTrader,SPY,buy,limit,canceled,1,day,0.0,1,stock,,,
2020-10-26 09:30:00-04:00,MLTrader,SPY,buy,limit,canceled,1,day,0.0,1,stock,,,
2020-10-26 09:30:00-04:00,MLTrader,SPY,buy,limit,canceled,1,day,0.0,1,stock,,,
2020-10-26 09:30:00-04:00,MLTrader,SPY,buy,stop,canceled,1,day,0.0,1,stock,,,
2020-10-26 09:30:00-04:00,MLTrader,SPY,buy,stop,canceled,1,day,0.0,1,stock,,,
2020-10-26 09:30:00-04:00,MLTrader,SPY,buy,limit,canceled,1,day,0.0,1,stock,,,
2020-10-26 09:30:00-04:00,MLTrader,SPY,buy,limit,canceled,1,day,0.0,1,stock,,,
2020-10-26 09:30:00-04:00,MLTrader,SPY,buy,stop,canceled,1,day,0.0,1,stock,,,
2020-10-26 09:30:00-04:00,MLTrader,SPY,buy,stop,canceled,1,day,0.0,1,stock,,,
2020-10-26 09:30:00-04:00,MLTrader,SPY,buy,limit,canceled,1,day,0.0,1,stock,,,
2020-10-26 09:30:00-04:00,MLTrader,SPY,buy,stop,canceled,1,day,0.0,1,stock,,,
2020-10-26 09:30:00-04:00,MLTrader,SPY,buy,market,new,1,day,0.0,1,stock,,,
2020-10-26 09:30:00-04:00,MLTrader,SPY,buy,market,new,1,gtc,0.0,1,stock,,,
2020-10-26 09:30:00-04:00,MLTrader,SPY,buy,market,fill,1,gtc,0.0,1,stock,342.1300048828125,320.0,0.0
2020-10-26 09:30:00-04:00,MLTrader,SPY,buy,market,fill,1,day,0.0,1,stock,342.1300048828125,979.0,0.0
2020-10-30 09:30:00-04:00,MLTrader,SPY,sell,limit,canceled,1,day,0.0,1,stock,,,
2020-10-30 09:30:00-04:00,MLTrader,SPY,sell,stop,fill,1,day,0.0,1,stock,325.02350463867185,320.0,0.0
2020-12-03 09:30:00-05:00,MLTrader,SPY,buy,market,new,1,gtc,0.0,1,stock,,,
2020-12-03 09:30:00-05:00,MLTrader,SPY,buy,market,fill,1,gtc,0.0,1,stock,366.67999267578125,67.0,0.0
2020-12-31 09:30:00-05:00,MLTrader,SPY,sell,stop,canceled,1,day,0.0,1,stock,,,
2020-12-31 09:30:00-05:00,MLTrader,SPY,sell,limit,canceled,1,day,0.0,1,stock,,,
2020-12-31 09:30:00-05:00,MLTrader,SPY,sell,market,new,1,day,0.0,1,stock,,,
2020-12-31 09:30:00-05:00,MLTrader,SPY,sell,market,new,1,gtc,0.0,1,stock,,,
2020-12-31 09:30:00-05:00,MLTrader,SPY,sell,market,fill,1,day,0.0,1,stock,371.7799987792969,67.0,0.0
2020-12-31 09:30:00-05:00,MLTrader,SPY,sell,market,fill,1,gtc,0.0,1,stock,371.7799987792969,49.0,0.0
2021-01-14 09:30:00-05:00,MLTrader,SPY,sell,market,new,1,gtc,0.0,1,stock,,,
2021-01-14 09:30:00-05:00,MLTrader,SPY,sell,market,fill,1,gtc,0.0,1,stock,380.5899963378906,76.0,0.0
2021-01-28 09:30:00-05:00,MLTrader,SPY,sell,market,new,1,gtc,0.0,1,stock,,,
2021-01-28 09:30:00-05:00,MLTrader,SPY,sell,market,fill,1,gtc,0.0,1,stock,376.3599853515625,97.0,0.0
2021-02-08 08:30:00-05:00,MLTrader,SPY,buy,limit,canceled,1,day,0.0,1,stock,,,
2021-02-08 08:30:00-05:00,MLTrader,SPY,buy,stop,fill,1,day,0.0,1,stock,390.3689987182617,49.0,0.0
2021-02-18 09:30:00-05:00,MLTrader,SPY,buy,stop,canceled,1,day,0.0,1,stock,,,
2021-02-18 09:30:00-05:00,MLTrader,SPY,buy,limit,canceled,1,day,0.0,1,stock,,,
2021-02-18 09:30:00-05:00,MLTrader,SPY,buy,limit,canceled,1,day,0.0,1,stock,,,
2021-02-18 09:30:00-05:00,MLTrader,SPY,buy,stop,canceled,1,day,0.0,1,stock,,,
2021-02-18 09:30:00-05:00,MLTrader,SPY,buy,market,new,1,day,0.0,1,stock,,,
2021-02-18 09:30:00-05:00,MLTrader,SPY,buy,market,new,1,gtc,0.0,1,stock,,,
2021-02-18 09:30:00-05:00,MLTrader,SPY,buy,market,fill,1,gtc,0.0,1,stock,389.5899963378906,104.0,0.0
2021-02-18 09:30:00-05:00,MLTrader,SPY,buy,market,fill,1,day,0.0,1,stock,389.5899963378906,173.0,0.0
2021-04-05 09:30:00-04:00,MLTrader,SPY,sell,limit,canceled,1,day,0.0,1,stock,,,
2021-04-05 09:30:00-04:00,MLTrader,SPY,sell,stop,canceled,1,day,0.0,1,stock,,,
2021-04-05 09:30:00-04:00,MLTrader,SPY,sell,market,new,1,day,0.0,1,stock,,,
2021-04-05 09:30:00-04:00,MLTrader,SPY,sell,market,new,1,gtc,0.0,1,stock,,,
2021-04-05 09:30:00-04:00,MLTrader,SPY,sell,market,fill,1,day,0.0,1,stock,403.4599914550781,104.0,0.0
2021-04-05 09:30:00-04:00,MLTrader,SPY,sell,market,fill,1,gtc,0.0,1,stock,403.4599914550781,34.0,0.0
2021-04-29 09:30:00-04:00,MLTrader,SPY,buy,limit,canceled,1,day,0.0,1,stock,,,
2021-04-29 09:30:00-04:00,MLTrader,SPY,buy,stop,canceled,1,day,0.0,1,stock,,,
2021-04-29 09:30:00-04:00,MLTrader,SPY,buy,market,new,1,day,0.0,1,stock,,,
2021-04-29 09:30:00-04:00,MLTrader,SPY,buy,market,new,1,gtc,0.0,1,stock,,,
2021-04-29 09:30:00-04:00,MLTrader,SPY,buy,market,fill,1,gtc,0.0,1,stock,420.32000732421875,66.0,0.0
2021-04-29 09:30:00-04:00,MLTrader,SPY,buy,market,fill,1,day,0.0,1,stock,420.32000732421875,34.0,0.0
2021-05-19 09:30:00-04:00,MLTrader,SPY,sell,stop,canceled,1,day,0.0,1,stock,,,
2021-05-19 09:30:00-04:00,MLTrader,SPY,sell,limit,canceled,1,day,0.0,1,stock,,,
2021-05-19 09:30:00-04:00,MLTrader,SPY,sell,market,new,1,day,0.0,1,stock,,,
2021-05-19 09:30:00-04:00,MLTrader,SPY,sell,market,new,1,gtc,0.0,1,stock,,,
2021-05-19 09:30:00-04:00,MLTrader,SPY,sell,market,fill,1,day,0.0,1,stock,406.9200134277344,66.0,0.0
2021-05-19 09:30:00-04:00,MLTrader,SPY,sell,market,fill,1,gtc,0.0,1,stock,406.9200134277344,42.0,0.0
2021-05-27 09:30:00-04:00,MLTrader,SPY,sell,market,new,1,gtc,0.0,1,stock,,,
2021-05-27 09:30:00-04:00,MLTrader,SPY,sell,market,fill,1,gtc,0.0,1,stock,420.1700134277344,67.0,0.0
2021-06-01 09:30:00-04:00,MLTrader,SPY,sell,market,new,1,gtc,0.0,1,stock,,,
2021-06-01 09:30:00-04:00,MLTrader,SPY,sell,market,fill,1,gtc,0.0,1,stock,422.57000732421875,83.0,0.0
2021-06-09 09:30:00-04:00,MLTrader,SPY,sell,market,new,1,gtc,0.0,1,stock,,,
2021-06-09 09:30:00-04:00,MLTrader,SPY,sell,market,fill,1,gtc,0.0,1,stock,423.17999267578125,104.0,0.0
2021-06-28 08:30:00-04:00,MLTrader,SPY,buy,limit,canceled,1,day,0.0,1,stock,,,
2021-06-28 08:30:00-04:00,MLTrader,SPY,buy,stop,fill,1,day,0.0,1,stock,427.2660140991211,42.0,0.0
2021-07-16 09:30:00-04:00,MLTrader,SPY,sell,market,new,1,gtc,0.0,1,stock,,,
2021-07-16 09:30:00-04:00,MLTrader,SPY,sell,market,fill,1,gtc,0.0,1,stock,436.010009765625,115.0,0.0
2021-07-29 09:30:00-04:00,MLTrader,SPY,buy,limit,canceled,1,day,0.0,1,stock,,,
2021-07-29 09:30:00-04:00,MLTrader,SPY,buy,stop,fill,1,day,0.0,1,stock,441.1785140991211,67.0,0.0
2021-08-11 09:30:00-04:00,MLTrader,SPY,buy,limit,canceled,1,day,0.0,1,stock,,,
2021-08-11 09:30:00-04:00,MLTrader,SPY,buy,stop,fill,1,day,0.0,1,stock,443.82000732421875,83.0,0.0
2021-08-12 09:30:00-04:00,MLTrader,SPY,buy,limit,canceled,1,day,0.0,1,stock,,,
2021-08-12 09:30:00-04:00,MLTrader,SPY,buy,stop,fill,1,day,0.0,1,stock,444.33899230957036,104.0,0.0
2021-10-08 09:30:00-04:00,MLTrader,SPY,buy,stop,canceled,1,day,0.0,1,stock,,,
2021-10-08 09:30:00-04:00,MLTrader,SPY,buy,limit,canceled,1,day,0.0,1,stock,,,
2021-10-08 09:30:00-04:00,MLTrader,SPY,buy,market,new,1,day,0.0,1,stock,,,
2021-10-08 09:30:00-04:00,MLTrader,SPY,buy,market,new,1,gtc,0.0,1,stock,,,
2021-10-08 09:30:00-04:00,MLTrader,SPY,buy,market,fill,1,gtc,0.0,1,stock,439.4800109863281,79.0,0.0
2021-10-08 09:30:00-04:00,MLTrader,SPY,buy,market,fill,1,day,0.0,1,stock,439.4800109863281,115.0,0.0
2021-10-14 09:30:00-04:00,MLTrader,SPY,sell,stop,canceled,1,day,0.0,1,stock,,,
2021-10-14 09:30:00-04:00,MLTrader,SPY,sell,limit,canceled,1,day,0.0,1,stock,,,
2021-10-14 09:30:00-04:00,MLTrader,SPY,sell,market,new,1,day,0.0,1,stock,,,
2021-10-14 09:30:00-04:00,MLTrader,SPY,sell,market,new,1,gtc,0.0,1,stock,,,
2021-10-14 09:30:00-04:00,MLTrader,SPY,sell,market,fill,1,gtc,0.0,1,stock,439.0799865722656,30.0,0.0
2021-10-14 09:30:00-04:00,MLTrader,SPY,sell,market,fill,1,day,0.0,1,stock,439.0799865722656,79.0,0.0
2021-11-02 09:30:00-04:00,MLTrader,SPY,buy,limit,canceled,1,day,0.0,1,stock,,,
2021-11-02 09:30:00-04:00,MLTrader,SPY,buy,stop,fill,1,day,0.0,1,stock,461.0339859008789,30.0,0.0
2021-11-29 09:30:00-05:00,MLTrader,SPY,sell,market,new,1,gtc,0.0,1,stock,,,
2021-11-29 09:30:00-05:00,MLTrader,SPY,sell,market,fill,1,gtc,0.0,1,stock,464.07000732421875,47.0,0.0
2021-12-09 09:30:00-05:00,MLTrader,SPY,buy,stop,canceled,1,day,0.0,1,stock,,,
2021-12-09 09:30:00-05:00,MLTrader,SPY,buy,limit,canceled,1,day,0.0,1,stock,,,
2021-12-09 09:30:00-05:00,MLTrader,SPY,buy,market,new,1,day,0.0,1,stock,,,
2021-12-09 09:30:00-05:00,MLTrader,SPY,buy,market,new,1,gtc,0.0,1,stock,,,
2021-12-09 09:30:00-05:00,MLTrader,SPY,buy,market,fill,1,day,0.0,1,stock,468.1499938964844,47.0,0.0
2021-12-09 09:30:00-05:00,MLTrader,SPY,buy,market,fill,1,gtc,0.0,1,stock,468.1499938964844,58.0,0.0
2022-01-03 09:30:00-05:00,MLTrader,SPY,sell,stop,canceled,1,day,0.0,1,stock,,,
2022-01-03 09:30:00-05:00,MLTrader,SPY,sell,limit,canceled,1,day,0.0,1,stock,,,
2022-01-03 09:30:00-05:00,MLTrader,SPY,sell,market,new,1,day,0.0,1,stock,,,
2022-01-03 09:30:00-05:00,MLTrader,SPY,sell,market,new,1,gtc,0.0,1,stock,,,
2022-01-03 09:30:00-05:00,MLTrader,SPY,sell,market,fill,1,day,0.0,1,stock,476.29998779296875,58.0,0.0
2022-01-03 09:30:00-05:00,MLTrader,SPY,sell,market,fill,1,gtc,0.0,1,stock,476.29998779296875,32.0,0.0
2022-01-14 09:30:00-05:00,MLTrader,SPY,sell,market,new,1,gtc,0.0,1,stock,,,
2022-01-14 09:30:00-05:00,MLTrader,SPY,sell,market,fill,1,gtc,0.0,1,stock,461.19000244140625,56.0,0.0
2022-01-21 09:30:00-05:00,MLTrader,SPY,sell,market,new,1,gtc,0.0,1,stock,,,
2022-01-21 09:30:00-05:00,MLTrader,SPY,sell,market,fill,1,gtc,0.0,1,stock,445.55999755859375,72.0,0.0
2022-02-18 09:30:00-05:00,MLTrader,SPY,sell,market,new,1,gtc,0.0,1,stock,,,
2022-02-18 09:30:00-05:00,MLTrader,SPY,sell,market,fill,1,gtc,0.0,1,stock,437.3299865722656,92.0,0.0
2022-02-22 09:30:00-05:00,MLTrader,SPY,sell,market,new,1,gtc,0.0,1,stock,,,
2022-02-22 09:30:00-05:00,MLTrader,SPY,sell,market,fill,1,gtc,0.0,1,stock,431.8900146484375,116.0,0.0
2022-03-04 09:30:00-05:00,MLTrader,SPY,sell,market,new,1,gtc,0.0,1,stock,,,
2022-03-04 09:30:00-05:00,MLTrader,SPY,sell,market,fill,1,gtc,0.0,1,stock,431.75,146.0,0.0
2022-03-14 09:30:00-04:00,MLTrader,SPY,sell,market,new,1,gtc,0.0,1,stock,,,
2022-03-14 09:30:00-04:00,MLTrader,SPY,sell,market,fill,1,gtc,0.0,1,stock,420.8900146484375,187.0,0.0
2022-03-18 09:30:00-04:00,MLTrader,SPY,sell,market,new,1,gtc,0.0,1,stock,,,
2022-03-18 09:30:00-04:00,MLTrader,SPY,buy,limit,canceled,1,day,0.0,1,stock,,,
2022-03-18 09:30:00-04:00,MLTrader,SPY,buy,stop,fill,1,day,0.0,1,stock,441.9345153808594,187.0,0.0
2022-03-18 09:30:00-04:00,MLTrader,SPY,sell,market,fill,1,gtc,0.0,1,stock,438.0,224.0,0.0
2022-03-24 09:30:00-04:00,MLTrader,SPY,sell,market,new,1,gtc,0.0,1,stock,,,
2022-03-24 09:30:00-04:00,MLTrader,SPY,sell,market,fill,1,gtc,0.0,1,stock,445.94000244140625,228.0,0.0
2022-03-28 08:30:00-04:00,MLTrader,SPY,buy,limit,canceled,1,day,0.0,1,stock,,,
2022-03-28 08:30:00-04:00,MLTrader,SPY,buy,stop,fill,1,day,0.0,1,stock,453.4845153808594,116.0,0.0
2022-03-28 08:30:00-04:00,MLTrader,SPY,buy,limit,canceled,1,day,0.0,1,stock,,,
2022-03-28 08:30:00-04:00,MLTrader,SPY,buy,stop,fill,1,day,0.0,1,stock,453.33750000000003,146.0,0.0
2022-03-29 09:30:00-04:00,MLTrader,SPY,buy,limit,canceled,1,day,0.0,1,stock,,,
2022-03-29 09:30:00-04:00,MLTrader,SPY,buy,stop,fill,1,day,0.0,1,stock,460.0199890136719,92.0,0.0
2022-03-29 09:30:00-04:00,MLTrader,SPY,buy,limit,canceled,1,day,0.0,1,stock,,,
2022-03-29 09:30:00-04:00,MLTrader,SPY,buy,stop,fill,1,day,0.0,1,stock,460.0199890136719,224.0,0.0
2022-04-19 09:30:00-04:00,MLTrader,SPY,sell,market,new,1,gtc,0.0,1,stock,,,
2022-04-19 09:30:00-04:00,MLTrader,SPY,sell,market,fill,1,gtc,0.0,1,stock,437.8599853515625,140.0,0.0
2022-04-21 09:30:00-04:00,MLTrader,SPY,sell,market,new,1,gtc,0.0,1,stock,,,
2022-04-21 09:30:00-04:00,MLTrader,SPY,sell,market,fill,1,gtc,0.0,1,stock,448.5400085449219,171.0,0.0
2022-04-22 09:30:00-04:00,MLTrader,SPY,sell,market,new,1,gtc,0.0,1,stock,,,
2022-04-22 09:30:00-04:00,MLTrader,SPY,sell,market,fill,1,gtc,0.0,1,stock,436.9100036621094,219.0,0.0
2022-04-26 09:30:00-04:00,MLTrader,SPY,sell,market,new,1,gtc,0.0,1,stock,,,
2022-04-26 09:30:00-04:00,MLTrader,SPY,sell,market,fill,1,gtc,0.0,1,stock,425.8299865722656,281.0,0.0
2022-04-27 09:30:00-04:00,MLTrader,SPY,sell,market,new,1,gtc,0.0,1,stock,,,
2022-04-27 09:30:00-04:00,MLTrader,SPY,sell,market,fill,1,gtc,0.0,1,stock,417.239990234375,359.0,0.0
2022-04-28 09:30:00-04:00,MLTrader,SPY,sell,market,new,1,gtc,0.0,1,stock,,,
2022-04-28 09:30:00-04:00,MLTrader,SPY,sell,market,fill,1,gtc,0.0,1,stock,422.2900085449219,443.0,0.0
2022-04-29 09:30:00-04:00,MLTrader,SPY,buy,stop,canceled,1,day,0.0,1,stock,,,
2022-04-29 09:30:00-04:00,MLTrader,SPY,buy,stop,canceled,1,day,0.0,1,stock,,,
2022-04-29 09:30:00-04:00,MLTrader,SPY,buy,stop,canceled,1,day,0.0,1,stock,,,
2022-04-29 09:30:00-04:00,MLTrader,SPY,buy,limit,canceled,1,day,0.0,1,stock,,,
2022-04-29 09:30:00-04:00,MLTrader,SPY,buy,stop,canceled,1,day,0.0,1,stock,,,
2022-04-29 09:30:00-04:00,MLTrader,SPY,buy,limit,canceled,1,day,0.0,1,stock,,,
2022-04-29 09:30:00-04:00,MLTrader,SPY,buy,stop,canceled,1,day,0.0,1,stock,,,
2022-04-29 09:30:00-04:00,MLTrader,SPY,buy,limit,canceled,1,day,0.0,1,stock,,,
2022-04-29 09:30:00-04:00,MLTrader,SPY,buy,stop,canceled,1,day,0.0,1,stock,,,
2022-04-29 09:30:00-04:00,MLTrader,SPY,buy,limit,canceled,1,day,0.0,1,stock,,,
2022-04-29 09:30:00-04:00,MLTrader,SPY,buy,limit,canceled,1,day,0.0,1,stock,,,
2022-04-29 09:30:00-04:00,MLTrader,SPY,buy,limit,canceled,1,day,0.0,1,stock,,,
2022-04-29 09:30:00-04:00,MLTrader,SPY,buy,stop,canceled,1,day,0.0,1,stock,,,
2022-04-29 09:30:00-04:00,MLTrader,SPY,buy,limit,canceled,1,day,0.0,1,stock,,,
2022-04-29 09:30:00-04:00,MLTrader,SPY,buy,limit,canceled,1,day,0.0,1,stock,,,
2022-04-29 09:30:00-04:00,MLTrader,SPY,buy,limit,canceled,1,day,0.0,1,stock,,,
2022-04-29 09:30:00-04:00,MLTrader,SPY,buy,stop,canceled,1,day,0.0,1,stock,,,
2022-04-29 09:30:00-04:00,MLTrader,SPY,buy,stop,canceled,1,day,0.0,1,stock,,,
2022-04-29 09:30:00-04:00,MLTrader,SPY,buy,limit,canceled,1,day,0.0,1,stock,,,
2022-04-29 09:30:00-04:00,MLTrader,SPY,buy,stop,canceled,1,day,0.0,1,stock,,,
2022-04-29 09:30:00-04:00,MLTrader,SPY,buy,market,new,1,day,0.0,1,stock,,,
2022-04-29 09:30:00-04:00,MLTrader,SPY,buy,market,new,1,gtc,0.0,1,stock,,,
2022-04-29 09:30:00-04:00,MLTrader,SPY,buy,market,fill,1,day,0.0,1,stock,423.5899963378906,2001.0,0.0
2022-04-29 09:30:00-04:00,MLTrader,SPY,buy,market,fill,1,gtc,0.0,1,stock,423.5899963378906,552.0,0.0
2022-05-09 08:30:00-04:00,MLTrader,SPY,sell,limit,canceled,1,day,0.0,1,stock,,,
2022-05-09 08:30:00-04:00,MLTrader,SPY,sell,stop,fill,1,day,0.0,1,stock,402.41049652099605,552.0,0.0
2022-05-20 09:30:00-04:00,MLTrader,SPY,buy,market,new,1,gtc,0.0,1,stock,,,
2022-05-20 09:30:00-04:00,MLTrader,SPY,buy,market,fill,1,gtc,0.0,1,stock,393.25,48.0,0.0
2022-06-10 09:30:00-04:00,MLTrader,SPY,sell,stop,canceled,1,day,0.0,1,stock,,,
2022-06-10 09:30:00-04:00,MLTrader,SPY,sell,limit,canceled,1,day,0.0,1,stock,,,
2022-06-10 09:30:00-04:00,MLTrader,SPY,sell,market,new,1,day,0.0,1,stock,,,
2022-06-10 09:30:00-04:00,MLTrader,SPY,sell,market,new,1,gtc,0.0,1,stock,,,
2022-06-10 09:30:00-04:00,MLTrader,SPY,sell,market,fill,1,day,0.0,1,stock,394.8800048828125,48.0,0.0
2022-06-10 09:30:00-04:00,MLTrader,SPY,sell,market,fill,1,gtc,0.0,1,stock,394.8800048828125,36.0,0.0
2022-06-15 09:30:00-04:00,MLTrader,SPY,sell,market,new,1,gtc,0.0,1,stock,,,
2022-06-15 09:30:00-04:00,MLTrader,SPY,sell,market,fill,1,gtc,0.0,1,stock,377.3599853515625,60.0,0.0
2022-06-17 09:30:00-04:00,MLTrader,SPY,sell,market,new,1,gtc,0.0,1,stock,,,
2022-06-17 09:30:00-04:00,MLTrader,SPY,sell,market,fill,1,gtc,0.0,1,stock,365.510009765625,77.0,0.0
2022-06-24 09:30:00-04:00,MLTrader,SPY,buy,limit,canceled,1,day,0.0,1,stock,,,
2022-06-24 09:30:00-04:00,MLTrader,SPY,buy,stop,fill,1,day,0.0,1,stock,383.78551025390624,77.0,0.0
2022-06-28 09:30:00-04:00,MLTrader,SPY,sell,market,new,1,gtc,0.0,1,stock,,,
2022-06-28 09:30:00-04:00,MLTrader,SPY,sell,market,fill,1,gtc,0.0,1,stock,390.2300109863281,71.0,0.0
2022-07-01 09:30:00-04:00,MLTrader,SPY,sell,market,new,1,gtc,0.0,1,stock,,,
2022-07-01 09:30:00-04:00,MLTrader,SPY,sell,market,fill,1,gtc,0.0,1,stock,376.55999755859375,92.0,0.0
2022-07-07 09:30:00-04:00,MLTrader,SPY,sell,market,new,1,gtc,0.0,1,stock,,,
2022-07-07 09:30:00-04:00,MLTrader,SPY,sell,market,fill,1,gtc,0.0,1,stock,385.1199951171875,113.0,0.0
2022-07-08 09:30:00-04:00,MLTrader,SPY,buy,stop,canceled,1,day,0.0,1,stock,,,
2022-07-08 09:30:00-04:00,MLTrader,SPY,buy,limit,canceled,1,day,0.0,1,stock,,,
2022-07-08 09:30:00-04:00,MLTrader,SPY,buy,stop,canceled,1,day,0.0,1,stock,,,
2022-07-08 09:30:00-04:00,MLTrader,SPY,buy,stop,canceled,1,day,0.0,1,stock,,,
2022-07-08 09:30:00-04:00,MLTrader,SPY,buy,stop,canceled,1,day,0.0,1,stock,,,
2022-07-08 09:30:00-04:00,MLTrader,SPY,buy,limit,canceled,1,day,0.0,1,stock,,,
2022-07-08 09:30:00-04:00,MLTrader,SPY,buy,stop,canceled,1,day,0.0,1,stock,,,
2022-07-08 09:30:00-04:00,MLTrader,SPY,buy,limit,canceled,1,day,0.0,1,stock,,,
2022-07-08 09:30:00-04:00,MLTrader,SPY,buy,limit,canceled,1,day,0.0,1,stock,,,
2022-07-08 09:30:00-04:00,MLTrader,SPY,buy,limit,canceled,1,day,0.0,1,stock,,,
2022-07-08 09:30:00-04:00,MLTrader,SPY,buy,market,new,1,day,0.0,1,stock,,,
2022-07-08 09:30:00-04:00,MLTrader,SPY,buy,market,new,1,gtc,0.0,1,stock,,,
2022-07-08 09:30:00-04:00,MLTrader,SPY,buy,market,fill,1,gtc,0.0,1,stock,387.2699890136719,140.0,0.0
2022-07-08 09:30:00-04:00,MLTrader,SPY,buy,market,fill,1,day,0.0,1,stock,387.2699890136719,372.0,0.0
2022-07-14 09:30:00-04:00,MLTrader,SPY,sell,limit,canceled,1,day,0.0,1,stock,,,
2022-07-14 09:30:00-04:00,MLTrader,SPY,sell,stop,canceled,1,day,0.0,1,stock,,,
2022-07-14 09:30:00-04:00,MLTrader,SPY,sell,market,new,1,day,0.0,1,stock,,,
2022-07-14 09:30:00-04:00,MLTrader,SPY,sell,market,new,1,gtc,0.0,1,stock,,,
2022-07-14 09:30:00-04:00,MLTrader,SPY,sell,market,fill,1,day,0.0,1,stock,373.6099853515625,140.0,0.0
2022-07-14 09:30:00-04:00,MLTrader,SPY,sell,market,fill,1,gtc,0.0,1,stock,373.6099853515625,13.0,0.0
2022-07-15 09:30:00-04:00,MLTrader,SPY,sell,market,new,1,gtc,0.0,1,stock,,,
2022-07-15 09:30:00-04:00,MLTrader,SPY,sell,market,fill,1,gtc,0.0,1,stock,382.54998779296875,50.0,0.0
2022-07-19 09:30:00-04:00,MLTrader,SPY,buy,limit,canceled,1,day,0.0,1,stock,,,
2022-07-19 09:30:00-04:00,MLTrader,SPY,buy,stop,fill,1,day,0.0,1,stock,392.2904846191406,13.0,0.0
2022-07-27 09:30:00-04:00,MLTrader,SPY,buy,limit,canceled,1,day,0.0,1,stock,,,
2022-07-27 09:30:00-04:00,MLTrader,SPY,buy,stop,fill,1,day,0.0,1,stock,401.6774871826172,50.0,0.0
2022-08-11 09:30:00-04:00,MLTrader,SPY,buy,market,new,1,gtc,0.0,1,stock,,,
2022-08-11 09:30:00-04:00,MLTrader,SPY,buy,market,fill,1,gtc,0.0,1,stock,422.989990234375,41.0,0.0
2022-08-18 09:30:00-04:00,MLTrader,SPY,buy,market,new,1,gtc,0.0,1,stock,,,
2022-08-18 09:30:00-04:00,MLTrader,SPY,buy,market,fill,1,gtc,0.0,1,stock,426.8599853515625,31.0,0.0
2022-08-26 09:30:00-04:00,MLTrader,SPY,sell,limit,canceled,1,day,0.0,1,stock,,,
2022-08-26 09:30:00-04:00,MLTrader,SPY,sell,stop,fill,1,day,0.0,1,stock,405.51698608398436,31.0,0.0
2022-08-29 08:30:00-04:00,MLTrader,SPY,sell,limit,canceled,1,day,0.0,1,stock,,,
2022-08-29 08:30:00-04:00,MLTrader,SPY,sell,stop,fill,1,day,0.0,1,stock,401.8404907226562,41.0,0.0
2022-08-31 09:30:00-04:00,MLTrader,SPY,sell,market,new,1,gtc,0.0,1,stock,,,
2022-08-31 09:30:00-04:00,MLTrader,SPY,sell,market,fill,1,gtc,0.0,1,stock,399.92999267578125,43.0,0.0
2022-09-07 09:30:00-04:00,MLTrader,SPY,sell,market,new,1,gtc,0.0,1,stock,,,
2022-09-07 09:30:00-04:00,MLTrader,SPY,sell,market,fill,1,gtc,0.0,1,stock,390.42999267578125,55.0,0.0
2022-09-08 09:30:00-04:00,MLTrader,SPY,buy,stop,canceled,1,day,0.0,1,stock,,,
2022-09-08 09:30:00-04:00,MLTrader,SPY,buy,limit,canceled,1,day,0.0,1,stock,,,
2022-09-08 09:30:00-04:00,MLTrader,SPY,buy,stop,canceled,1,day,0.0,1,stock,,,
2022-09-08 09:30:00-04:00,MLTrader,SPY,buy,limit,canceled,1,day,0.0,1,stock,,,
2022-09-08 09:30:00-04:00,MLTrader,SPY,buy,market,new,1,day,0.0,1,stock,,,
2022-09-08 09:30:00-04:00,MLTrader,SPY,buy,market,new,1,gtc,0.0,1,stock,,,
2022-09-08 09:30:00-04:00,MLTrader,SPY,buy,market,fill,1,day,0.0,1,stock,395.3900146484375,98.0,0.0
2022-09-08 09:30:00-04:00,MLTrader,SPY,buy,market,fill,1,gtc,0.0,1,stock,395.3900146484375,68.0,0.0
2022-09-12 09:30:00-04:00,MLTrader,SPY,buy,market,new,1,gtc,0.0,1,stock,,,
2022-09-12 09:30:00-04:00,MLTrader,SPY,buy,market,fill,1,gtc,0.0,1,stock,408.7799987792969,25.0,0.0
2022-09-16 09:30:00-04:00,MLTrader,SPY,sell,limit,canceled,1,day,0.0,1,stock,,,
2022-09-16 09:30:00-04:00,MLTrader,SPY,sell,stop,canceled,1,day,0.0,1,stock,,,
2022-09-16 09:30:00-04:00,MLTrader,SPY,sell,stop,canceled,1,day,0.0,1,stock,,,
2022-09-16 09:30:00-04:00,MLTrader,SPY,sell,limit,canceled,1,day,0.0,1,stock,,,
2022-09-16 09:30:00-04:00,MLTrader,SPY,sell,market,new,1,day,0.0,1,stock,,,
2022-09-16 09:30:00-04:00,MLTrader,SPY,sell,market,new,1,gtc,0.0,1,stock,,,
2022-09-16 09:30:00-04:00,MLTrader,SPY,sell,market,fill,1,gtc,0.0,1,stock,384.1400146484375,20.0,0.0
2022-09-16 09:30:00-04:00,MLTrader,SPY,sell,market,fill,1,day,0.0,1,stock,384.1400146484375,93.0,0.0
2022-09-19 09:30:00-04:00,MLTrader,SPY,sell,market,new,1,gtc,0.0,1,stock,,,
2022-09-19 09:30:00-04:00,MLTrader,SPY,sell,market,fill,1,gtc,0.0,1,stock,382.260009765625,49.0,0.0
2022-09-27 09:30:00-04:00,MLTrader,SPY,sell,market,new,1,gtc,0.0,1,stock,,,
2022-09-27 09:30:00-04:00,MLTrader,SPY,sell,market,fill,1,gtc,0.0,1,stock,368.0199890136719,63.0,0.0
2022-09-28 09:30:00-04:00,MLTrader,SPY,sell,market,new,1,gtc,0.0,1,stock,,,
2022-09-28 09:30:00-04:00,MLTrader,SPY,sell,market,fill,1,gtc,0.0,1,stock,364.3800048828125,80.0,0.0
2022-10-13 09:30:00-04:00,MLTrader,SPY,sell,market,new,1,gtc,0.0,1,stock,,,
2022-10-13 09:30:00-04:00,MLTrader,SPY,sell,market,fill,1,gtc,0.0,1,stock,349.2099914550781,104.0,0.0
2022-10-14 09:30:00-04:00,MLTrader,SPY,buy,limit,canceled,1,day,0.0,1,stock,,,
2022-10-14 09:30:00-04:00,MLTrader,SPY,buy,stop,fill,1,day,0.0,1,stock,368.54998779296875,104.0,0.0
2022-10-20 09:30:00-04:00,MLTrader,SPY,sell,market,new,1,gtc,0.0,1,stock,,,
2022-10-20 09:30:00-04:00,MLTrader,SPY,sell,market,fill,1,gtc,0.0,1,stock,368.0299987792969,98.0,0.0
2022-10-25 09:30:00-04:00,MLTrader,SPY,buy,limit,canceled,1,day,0.0,1,stock,,,
2022-10-25 09:30:00-04:00,MLTrader,SPY,buy,stop,fill,1,day,0.0,1,stock,382.59900512695316,80.0,0.0
2022-10-26 09:30:00-04:00,MLTrader,SPY,buy,limit,canceled,1,day,0.0,1,stock,,,
2022-10-26 09:30:00-04:00,MLTrader,SPY,buy,stop,fill,1,day,0.0,1,stock,386.4314987182617,98.0,0.0
2022-10-26 09:30:00-04:00,MLTrader,SPY,buy,limit,canceled,1,day,0.0,1,stock,,,
2022-10-26 09:30:00-04:00,MLTrader,SPY,buy,stop,fill,1,day,0.0,1,stock,386.4209884643555,63.0,0.0
2022-11-03 09:30:00-04:00,MLTrader,SPY,sell,market,new,1,gtc,0.0,1,stock,,,
2022-11-03 09:30:00-04:00,MLTrader,SPY,sell,market,fill,1,gtc,0.0,1,stock,371.4700012207031,58.0,0.0
2022-11-10 09:30:00-05:00,MLTrader,SPY,buy,limit,canceled,1,day,0.0,1,stock,,,
2022-11-10 09:30:00-05:00,MLTrader,SPY,buy,stop,fill,1,day,0.0,1,stock,390.0435012817383,58.0,0.0
2022-11-15 09:30:00-05:00,MLTrader,SPY,sell,market,new,1,gtc,0.0,1,stock,,,
2022-11-15 09:30:00-05:00,MLTrader,SPY,sell,market,fill,1,gtc,0.0,1,stock,401.1499938964844,53.0,0.0
2022-11-15 09:30:00-05:00,MLTrader,SPY,buy,limit,canceled,1,day,0.0,1,stock,,,
2022-11-15 09:30:00-05:00,MLTrader,SPY,buy,stop,fill,1,day,0.0,1,stock,401.3730102539063,49.0,0.0
2022-11-28 09:30:00-05:00,MLTrader,SPY,sell,market,new,1,gtc,0.0,1,stock,,,
2022-11-28 09:30:00-05:00,MLTrader,SPY,sell,market,fill,1,gtc,0.0,1,stock,399.0899963378906,55.0,0.0
2022-11-30 09:30:00-05:00,MLTrader,SPY,buy,limit,canceled,1,day,0.0,1,stock,,,
2022-11-30 09:30:00-05:00,MLTrader,SPY,buy,stop,fill,1,day,0.0,1,stock,403.3470153808594,20.0,0.0
2022-12-07 09:30:00-05:00,MLTrader,SPY,sell,market,new,1,gtc,0.0,1,stock,,,
2022-12-07 09:30:00-05:00,MLTrader,SPY,sell,market,fill,1,gtc,0.0,1,stock,392.94000244140625,64.0,0.0
2023-01-03 09:30:00-05:00,MLTrader,SPY,sell,market,new,1,gtc,0.0,1,stock,,,
2023-01-03 09:30:00-05:00,MLTrader,SPY,sell,market,fill,1,gtc,0.0,1,stock,384.3699951171875,82.0,0.0
2023-01-19 09:30:00-05:00,MLTrader,SPY,sell,market,new,1,gtc,0.0,1,stock,,,
2023-01-19 09:30:00-05:00,MLTrader,SPY,sell,market,fill,1,gtc,0.0,1,stock,389.3599853515625,101.0,0.0
2023-01-26 09:30:00-05:00,MLTrader,SPY,buy,limit,canceled,1,day,0.0,1,stock,,,
2023-01-26 09:30:00-05:00,MLTrader,SPY,buy,stop,fill,1,day,0.0,1,stock,403.5884948730469,82.0,0.0
2023-02-01 09:30:00-05:00,MLTrader,SPY,buy,limit,canceled,1,day,0.0,1,stock,,,
2023-02-01 09:30:00-05:00,MLTrader,SPY,buy,stop,fill,1,day,0.0,1,stock,412.5870025634766,64.0,0.0
2023-02-01 09:30:00-05:00,MLTrader,SPY,buy,limit,canceled,1,day,0.0,1,stock,,,
2023-02-01 09:30:00-05:00,MLTrader,SPY,buy,stop,fill,1,day,0.0,1,stock,408.82798461914064,101.0,0.0
2023-02-13 09:30:00-05:00,MLTrader,SPY,sell,market,new,1,gtc,0.0,1,stock,,,
2023-02-13 09:30:00-05:00,MLTrader,SPY,sell,market,fill,1,gtc,0.0,1,stock,408.7200012207031,59.0,0.0
2023-02-17 09:30:00-05:00,MLTrader,SPY,buy,limit,canceled,1,day,0.0,1,stock,,,
2023-02-17 09:30:00-05:00,MLTrader,SPY,buy,limit,canceled,1,day,0.0,1,stock,,,
2023-02-17 09:30:00-05:00,MLTrader,SPY,buy,stop,canceled,1,day,0.0,1,stock,,,
2023-02-17 09:30:00-05:00,MLTrader,SPY,buy,stop,canceled,1,day,0.0,1,stock,,,
2023-02-17 09:30:00-05:00,MLTrader,SPY,buy,limit,canceled,1,day,0.0,1,stock,,,
2023-02-17 09:30:00-05:00,MLTrader,SPY,buy,stop,canceled,1,day,0.0,1,stock,,,
2023-02-17 09:30:00-05:00,MLTrader,SPY,buy,market,new,1,day,0.0,1,stock,,,
2023-02-17 09:30:00-05:00,MLTrader,SPY,buy,market,new,1,gtc,0.0,1,stock,,,
2023-02-17 09:30:00-05:00,MLTrader,SPY,buy,market,fill,1,day,0.0,1,stock,406.05999755859375,167.0,0.0
2023-02-17 09:30:00-05:00,MLTrader,SPY,buy,market,fill,1,gtc,0.0,1,stock,406.05999755859375,74.0,0.0
2023-02-23 09:30:00-05:00,MLTrader,SPY,sell,stop,canceled,1,day,0.0,1,stock,,,
2023-02-23 09:30:00-05:00,MLTrader,SPY,sell,limit,canceled,1,day,0.0,1,stock,,,
2023-02-23 09:30:00-05:00,MLTrader,SPY,sell,market,new,1,day,0.0,1,stock,,,
2023-02-23 09:30:00-05:00,MLTrader,SPY,sell,market,new,1,gtc,0.0,1,stock,,,
2023-02-23 09:30:00-05:00,MLTrader,SPY,sell,market,fill,1,day,0.0,1,stock,401.55999755859375,74.0,0.0
2023-02-23 09:30:00-05:00,MLTrader,SPY,sell,market,fill,1,gtc,0.0,1,stock,401.55999755859375,14.0,0.0
2023-02-27 09:30:00-05:00,MLTrader,SPY,sell,market,new,1,gtc,0.0,1,stock,,,
2023-02-27 09:30:00-05:00,MLTrader,SPY,sell,market,fill,1,gtc,0.0,1,stock,399.8699951171875,36.0,0.0
2023-02-28 09:30:00-05:00,MLTrader,SPY,sell,market,new,1,gtc,0.0,1,stock,,,
2023-02-28 09:30:00-05:00,MLTrader,SPY,sell,market,fill,1,gtc,0.0,1,stock,397.2300109863281,45.0,0.0
2023-03-01 09:30:00-05:00,MLTrader,SPY,sell,market,new,1,gtc,0.0,1,stock,,,
2023-03-01 09:30:00-05:00,MLTrader,SPY,sell,market,fill,1,gtc,0.0,1,stock,395.4100036621094,57.0,0.0
2023-03-08 09:30:00-05:00,MLTrader,SPY,sell,market,new,1,gtc,0.0,1,stock,,,
2023-03-08 09:30:00-05:00,MLTrader,SPY,sell,market,fill,1,gtc,0.0,1,stock,398.3900146484375,71.0,0.0
2023-03-09 09:30:00-05:00,MLTrader,SPY,buy,stop,canceled,1,day,0.0,1,stock,,,
2023-03-09 09:30:00-05:00,MLTrader,SPY,buy,stop,canceled,1,day,0.0,1,stock,,,
2023-03-09 09:30:00-05:00,MLTrader,SPY,buy,limit,canceled,1,day,0.0,1,stock,,,
2023-03-09 09:30:00-05:00,MLTrader,SPY,buy,limit,canceled,1,day,0.0,1,stock,,,
2023-03-09 09:30:00-05:00,MLTrader,SPY,buy,limit,canceled,1,day,0.0,1,stock,,,
2023-03-09 09:30:00-05:00,MLTrader,SPY,buy,stop,canceled,1,day,0.0,1,stock,,,
2023-03-09 09:30:00-05:00,MLTrader,SPY,buy,limit,canceled,1,day,0.0,1,stock,,,
2023-03-09 09:30:00-05:00,MLTrader,SPY,buy,stop,canceled,1,day,0.0,1,stock,,,
2023-03-09 09:30:00-05:00,MLTrader,SPY,buy,limit,canceled,1,day,0.0,1,stock,,,
2023-03-09 09:30:00-05:00,MLTrader,SPY,buy,stop,canceled,1,day,0.0,1,stock,,,
2023-03-09 09:30:00-05:00,MLTrader,SPY,buy,market,new,1,day,0.0,1,stock,,,
2023-03-09 09:30:00-05:00,MLTrader,SPY,buy,market,new,1,gtc,0.0,1,stock,,,
2023-03-09 09:30:00-05:00,MLTrader,SPY,buy,market,fill,1,gtc,0.0,1,stock,399.739990234375,88.0,0.0
2023-03-09 09:30:00-05:00,MLTrader,SPY,buy,market,fill,1,day,0.0,1,stock,399.739990234375,223.0,0.0
2023-03-20 09:30:00-04:00,MLTrader,SPY,buy,market,new,1,gtc,0.0,1,stock,,,
2023-03-20 09:30:00-04:00,MLTrader,SPY,buy,market,fill,1,gtc,0.0,1,stock,390.79998779296875,11.0,0.0
2023-03-28 09:30:00-04:00,MLTrader,SPY,sell,stop,canceled,1,day,0.0,1,stock,,,
2023-03-28 09:30:00-04:00,MLTrader,SPY,sell,limit,canceled,1,day,0.0,1,stock,,,
2023-03-28 09:30:00-04:00,MLTrader,SPY,sell,limit,canceled,1,day,0.0,1,stock,,,
2023-03-28 09:30:00-04:00,MLTrader,SPY,sell,stop,canceled,1,day,0.0,1,stock,,,
2023-03-28 09:30:00-04:00,MLTrader,SPY,sell,market,new,1,day,0.0,1,stock,,,
2023-03-28 09:30:00-04:00,MLTrader,SPY,sell,market,new,1,gtc,0.0,1,stock,,,
2023-03-28 09:30:00-04:00,MLTrader,SPY,sell,market,fill,1,day,0.0,1,stock,395.7699890136719,99.0,0.0
2023-03-28 09:30:00-04:00,MLTrader,SPY,sell,market,fill,1,gtc,0.0,1,stock,395.7699890136719,8.0,0.0
2023-04-03 09:30:00-04:00,MLTrader,SPY,sell,market,new,1,gtc,0.0,1,stock,,,
2023-04-03 09:30:00-04:00,MLTrader,SPY,sell,market,fill,1,gtc,0.0,1,stock,408.8500061035156,33.0,0.0
2023-04-10 09:30:00-04:00,MLTrader,SPY,sell,market,new,1,gtc,0.0,1,stock,,,
2023-04-10 09:30:00-04:00,MLTrader,SPY,sell,market,fill,1,gtc,0.0,1,stock,406.6099853515625,42.0,0.0
2023-04-18 09:30:00-04:00,MLTrader,SPY,buy,limit,canceled,1,day,0.0,1,stock,,,
2023-04-18 09:30:00-04:00,MLTrader,SPY,buy,stop,fill,1,day,0.0,1,stock,415.5799865722656,8.0,0.0
2023-04-26 09:30:00-04:00,MLTrader,SPY,sell,market,new,1,gtc,0.0,1,stock,,,
2023-04-26 09:30:00-04:00,MLTrader,SPY,sell,market,fill,1,gtc,0.0,1,stock,406.7200012207031,50.0,0.0
2023-05-03 09:30:00-04:00,MLTrader,SPY,sell,market,new,1,gtc,0.0,1,stock,,,
2023-05-03 09:30:00-04:00,MLTrader,SPY,sell,market,fill,1,gtc,0.0,1,stock,411.3599853515625,62.0,0.0
2023-05-05 09:30:00-04:00,MLTrader,SPY,sell,market,new,1,gtc,0.0,1,stock,,,
2023-05-05 09:30:00-04:00,MLTrader,SPY,sell,market,fill,1,gtc,0.0,1,stock,408.9100036621094,78.0,0.0
2023-05-09 09:30:00-04:00,MLTrader,SPY,sell,market,new,1,gtc,0.0,1,stock,,,
2023-05-09 09:30:00-04:00,MLTrader,SPY,sell,market,fill,1,gtc,0.0,1,stock,411.1300048828125,97.0,0.0
2023-06-02 09:30:00-04:00,MLTrader,SPY,buy,limit,canceled,1,day,0.0,1,stock,,,
2023-06-02 09:30:00-04:00,MLTrader,SPY,buy,stop,fill,1,day,0.0,1,stock,427.0560012817383,50.0,0.0
2023-06-02 09:30:00-04:00,MLTrader,SPY,buy,limit,canceled,1,day,0.0,1,stock,,,
2023-06-02 09:30:00-04:00,MLTrader,SPY,buy,stop,fill,1,day,0.0,1,stock,426.94048461914065,42.0,0.0
2023-06-05 08:30:00-04:00,MLTrader,SPY,buy,limit,canceled,1,day,0.0,1,stock,,,
2023-06-05 08:30:00-04:00,MLTrader,SPY,buy,stop,fill,1,day,0.0,1,stock,429.29250640869145,33.0,0.0
2023-06-05 08:30:00-04:00,MLTrader,SPY,buy,limit,canceled,1,day,0.0,1,stock,,,
2023-06-05 08:30:00-04:00,MLTrader,SPY,buy,stop,fill,1,day,0.0,1,stock,429.35550384521486,78.0,0.0
2023-06-06 09:30:00-04:00,MLTrader,SPY,buy,limit,canceled,1,day,0.0,1,stock,,,
2023-06-06 09:30:00-04:00,MLTrader,SPY,buy,stop,canceled,1,day,0.0,1,stock,,,
2023-06-06 09:30:00-04:00,MLTrader,SPY,buy,limit,canceled,1,day,0.0,1,stock,,,
2023-06-06 09:30:00-04:00,MLTrader,SPY,buy,stop,canceled,1,day,0.0,1,stock,,,
2023-06-06 09:30:00-04:00,MLTrader,SPY,buy,market,new,1,day,0.0,1,stock,,,
2023-06-06 09:30:00-04:00,MLTrader,SPY,buy,market,new,1,gtc,0.0,1,stock,,,
2023-06-06 09:30:00-04:00,MLTrader,SPY,buy,market,fill,1,gtc,0.0,1,stock,426.6700134277344,66.0,0.0
2023-06-06 09:30:00-04:00,MLTrader,SPY,buy,market,fill,1,day,0.0,1,stock,426.6700134277344,159.0,0.0
2023-06-12 09:30:00-04:00,MLTrader,SPY,sell,limit,canceled,1,day,0.0,1,stock,,,
2023-06-12 09:30:00-04:00,MLTrader,SPY,sell,stop,canceled,1,day,0.0,1,stock,,,
2023-06-12 09:30:00-04:00,MLTrader,SPY,sell,market,new,1,day,0.0,1,stock,,,
2023-06-12 09:30:00-04:00,MLTrader,SPY,sell,market,new,1,gtc,0.0,1,stock,,,
2023-06-12 09:30:00-04:00,MLTrader,SPY,sell,market,fill,1,day,0.0,1,stock,430.9200134277344,66.0,0.0
2023-06-12 09:30:00-04:00,MLTrader,SPY,sell,market,fill,1,gtc,0.0,1,stock,430.9200134277344,10.0,0.0
2023-06-28 09:30:00-04:00,MLTrader,SPY,buy,stop,canceled,1,day,0.0,1,stock,,,
2023-06-28 09:30:00-04:00,MLTrader,SPY,buy,limit,canceled,1,day,0.0,1,stock,,,
2023-06-28 09:30:00-04:00,MLTrader,SPY,buy,market,new,1,day,0.0,1,stock,,,
2023-06-28 09:30:00-04:00,MLTrader,SPY,buy,market,new,1,gtc,0.0,1,stock,,,
2023-06-28 09:30:00-04:00,MLTrader,SPY,buy,market,fill,1,day,0.0,1,stock,435.04998779296875,10.0,0.0
2023-06-28 09:30:00-04:00,MLTrader,SPY,buy,market,fill,1,gtc,0.0,1,stock,435.04998779296875,28.0,0.0
2023-06-29 09:30:00-04:00,MLTrader,SPY,sell,stop,canceled,1,day,0.0,1,stock,,,
2023-06-29 09:30:00-04:00,MLTrader,SPY,sell,limit,canceled,1,day,0.0,1,stock,,,
2023-06-29 09:30:00-04:00,MLTrader,SPY,sell,market,new,1,day,0.0,1,stock,,,
2023-06-29 09:30:00-04:00,MLTrader,SPY,sell,market,new,1,gtc,0.0,1,stock,,,
2023-06-29 09:30:00-04:00,MLTrader,SPY,sell,market,fill,1,day,0.0,1,stock,435.9599914550781,28.0,0.0
2023-06-29 09:30:00-04:00,MLTrader,SPY,sell,market,fill,1,gtc,0.0,1,stock,435.9599914550781,19.0,0.0
2023-07-10 09:30:00-04:00,MLTrader,SPY,buy,stop,canceled,1,day,0.0,1,stock,,,
2023-07-10 09:30:00-04:00,MLTrader,SPY,buy,limit,canceled,1,day,0.0,1,stock,,,
2023-07-10 09:30:00-04:00,MLTrader,SPY,buy,market,new,1,day,0.0,1,stock,,,
2023-07-10 09:30:00-04:00,MLTrader,SPY,buy,market,new,1,gtc,0.0,1,stock,,,
2023-07-10 09:30:00-04:00,MLTrader,SPY,buy,market,fill,1,day,0.0,1,stock,438.17999267578125,19.0,0.0
2023-07-10 09:30:00-04:00,MLTrader,SPY,buy,market,fill,1,gtc,0.0,1,stock,438.17999267578125,30.0,0.0
2023-07-17 09:30:00-04:00,MLTrader,SPY,buy,market,new,1,gtc,0.0,1,stock,,,
2023-07-17 09:30:00-04:00,MLTrader,SPY,buy,market,fill,1,gtc,0.0,1,stock,449.1300048828125,18.0,0.0
2023-07-31 09:30:00-04:00,MLTrader,SPY,sell,limit,canceled,1,day,0.0,1,stock,,,
2023-07-31 09:30:00-04:00,MLTrader,SPY,sell,limit,canceled,1,day,0.0,1,stock,,,
2023-07-31 09:30:00-04:00,MLTrader,SPY,sell,stop,canceled,1,day,0.0,1,stock,,,
2023-07-31 09:30:00-04:00,MLTrader,SPY,sell,stop,canceled,1,day,0.0,1,stock,,,
2023-07-31 09:30:00-04:00,MLTrader,SPY,sell,market,new,1,day,0.0,1,stock,,,
2023-07-31 09:30:00-04:00,MLTrader,SPY,sell,market,new,1,gtc,0.0,1,stock,,,
2023-07-31 09:30:00-04:00,MLTrader,SPY,sell,market,fill,1,day,0.0,1,stock,457.4100036621094,48.0,0.0
2023-07-31 09:30:00-04:00,MLTrader,SPY,sell,market,fill,1,gtc,0.0,1,stock,457.4100036621094,13.0,0.0
2023-08-01 09:30:00-04:00,MLTrader,SPY,sell,market,new,1,gtc,0.0,1,stock,,,
2023-08-01 09:30:00-04:00,MLTrader,SPY,sell,market,fill,1,gtc,0.0,1,stock,456.2699890136719,28.0,0.0
2023-08-02 09:30:00-04:00,MLTrader,SPY,buy,limit,canceled,1,day,0.0,1,stock,,,
2023-08-02 09:30:00-04:00,MLTrader,SPY,buy,stop,canceled,1,day,0.0,1,stock,,,
2023-08-02 09:30:00-04:00,MLTrader,SPY,buy,limit,canceled,1,day,0.0,1,stock,,,
2023-08-02 09:30:00-04:00,MLTrader,SPY,buy,stop,canceled,1,day,0.0,1,stock,,,
2023-08-02 09:30:00-04:00,MLTrader,SPY,buy,market,new,1,day,0.0,1,stock,,,
2023-08-02 09:30:00-04:00,MLTrader,SPY,buy,market,new,1,gtc,0.0,1,stock,,,
2023-08-02 09:30:00-04:00,MLTrader,SPY,buy,market,fill,1,day,0.0,1,stock,453.25,41.0,0.0
2023-08-02 09:30:00-04:00,MLTrader,SPY,buy,market,fill,1,gtc,0.0,1,stock,453.25,36.0,0.0
2023-08-11 09:30:00-04:00,MLTrader,SPY,sell,stop,canceled,1,day,0.0,1,stock,,,
2023-08-11 09:30:00-04:00,MLTrader,SPY,sell,limit,canceled,1,day,0.0,1,stock,,,
2023-08-11 09:30:00-04:00,MLTrader,SPY,sell,market,new,1,day,0.0,1,stock,,,
2023-08-11 09:30:00-04:00,MLTrader,SPY,sell,market,new,1,gtc,0.0,1,stock,,,
2023-08-11 09:30:00-04:00,MLTrader,SPY,sell,market,fill,1,day,0.0,1,stock,443.9700012207031,36.0,0.0
2023-08-11 09:30:00-04:00,MLTrader,SPY,sell,market,fill,1,gtc,0.0,1,stock,443.9700012207031,17.0,0.0
2023-08-16 09:30:00-04:00,MLTrader,SPY,sell,market,new,1,gtc,0.0,1,stock,,,
2023-08-16 09:30:00-04:00,MLTrader,SPY,sell,market,fill,1,gtc,0.0,1,stock,442.4599914550781,30.0,0.0
2023-08-21 09:30:00-04:00,MLTrader,SPY,sell,market,new,1,gtc,0.0,1,stock,,,
2023-08-21 09:30:00-04:00,MLTrader,SPY,sell,market,fill,1,gtc,0.0,1,stock,437.54998779296875,38.0,0.0
2023-08-28 09:30:00-04:00,MLTrader,SPY,sell,market,new,1,gtc,0.0,1,stock,,,
2023-08-28 09:30:00-04:00,MLTrader,SPY,sell,market,fill,1,gtc,0.0,1,stock,442.239990234375,47.0,0.0
2023-09-05 09:30:00-04:00,MLTrader,SPY,sell,market,new,1,gtc,0.0,1,stock,,,
2023-09-05 09:30:00-04:00,MLTrader,SPY,sell,market,fill,1,gtc,0.0,1,stock,450.7300109863281,58.0,0.0
2023-09-08 09:30:00-04:00,MLTrader,SPY,sell,market,new,1,gtc,0.0,1,stock,,,
2023-09-08 09:30:00-04:00,MLTrader,SPY,sell,market,fill,1,gtc,0.0,1,stock,444.8999938964844,73.0,0.0
2023-09-21 09:30:00-04:00,MLTrader,SPY,sell,market,new,1,gtc,0.0,1,stock,,,
2023-09-21 09:30:00-04:00,MLTrader,SPY,sell,market,fill,1,gtc,0.0,1,stock,435.70001220703125,93.0,0.0
2023-09-25 09:30:00-04:00,MLTrader,SPY,sell,market,new,1,gtc,0.0,1,stock,,,
2023-09-25 09:30:00-04:00,MLTrader,SPY,sell,market,fill,1,gtc,0.0,1,stock,429.1700134277344,118.0,0.0
2023-10-02 09:30:00-04:00,MLTrader,SPY,sell,market,new,1,gtc,0.0,1,stock,,,
2023-10-02 09:30:00-04:00,MLTrader,SPY,sell,market,fill,1,gtc,0.0,1,stock,426.6199951171875,148.0,0.0
2023-10-09 09:30:00-04:00,MLTrader,SPY,sell,market,new,1,gtc,0.0,1,stock,,,
2023-10-09 09:30:00-04:00,MLTrader,SPY,sell,market,fill,1,gtc,0.0,1,stock,427.5799865722656,185.0,0.0
2023-10-19 09:30:00-04:00,MLTrader,SPY,buy,stop,canceled,1,day,0.0,1,stock,,,
2023-10-19 09:30:00-04:00,MLTrader,SPY,buy,limit,canceled,1,day,0.0,1,stock,,,
2023-10-19 09:30:00-04:00,MLTrader,SPY,buy,limit,canceled,1,day,0.0,1,stock,,,
2023-10-19 09:30:00-04:00,MLTrader,SPY,buy,stop,canceled,1,day,0.0,1,stock,,,
2023-10-19 09:30:00-04:00,MLTrader,SPY,buy,stop,canceled,1,day,0.0,1,stock,,,
2023-10-19 09:30:00-04:00,MLTrader,SPY,buy,stop,canceled,1,day,0.0,1,stock,,,
2023-10-19 09:30:00-04:00,MLTrader,SPY,buy,stop,canceled,1,day,0.0,1,stock,,,
2023-10-19 09:30:00-04:00,MLTrader,SPY,buy,limit,canceled,1,day,0.0,1,stock,,,
2023-10-19 09:30:00-04:00,MLTrader,SPY,buy,limit,canceled,1,day,0.0,1,stock,,,
2023-10-19 09:30:00-04:00,MLTrader,SPY,buy,limit,canceled,1,day,0.0,1,stock,,,
2023-10-19 09:30:00-04:00,MLTrader,SPY,buy,stop,canceled,1,day,0.0,1,stock,,,
2023-10-19 09:30:00-04:00,MLTrader,SPY,buy,stop,canceled,1,day,0.0,1,stock,,,
2023-10-19 09:30:00-04:00,MLTrader,SPY,buy,limit,canceled,1,day,0.0,1,stock,,,
2023-10-19 09:30:00-04:00,MLTrader,SPY,buy,limit,canceled,1,day,0.0,1,stock,,,
2023-10-19 09:30:00-04:00,MLTrader,SPY,buy,stop,canceled,1,day,0.0,1,stock,,,
2023-10-19 09:30:00-04:00,MLTrader,SPY,buy,limit,canceled,1,day,0.0,1,stock,,,
2023-10-19 09:30:00-04:00,MLTrader,SPY,buy,limit,canceled,1,day,0.0,1,stock,,,
2023-10-19 09:30:00-04:00,MLTrader,SPY,buy,stop,canceled,1,day,0.0,1,stock,,,
2023-10-19 09:30:00-04:00,MLTrader,SPY,buy,stop,canceled,1,day,0.0,1,stock,,,
2023-10-19 09:30:00-04:00,MLTrader,SPY,buy,limit,canceled,1,day,0.0,1,stock,,,
2023-10-19 09:30:00-04:00,MLTrader,SPY,buy,market,new,1,day,0.0,1,stock,,,
2023-10-19 09:30:00-04:00,MLTrader,SPY,buy,market,new,1,gtc,0.0,1,stock,,,
2023-10-19 09:30:00-04:00,MLTrader,SPY,buy,market,fill,1,gtc,0.0,1,stock,430.95001220703125,229.0,0.0
2023-10-19 09:30:00-04:00,MLTrader,SPY,buy,market,fill,1,day,0.0,1,stock,430.95001220703125,807.0,0.0
2023-10-27 09:30:00-04:00,MLTrader,SPY,sell,limit,canceled,1,day,0.0,1,stock,,,
2023-10-27 09:30:00-04:00,MLTrader,SPY,sell,stop,fill,1,day,0.0,1,stock,409.4025115966797,229.0,0.0
2023-11-02 09:30:00-04:00,MLTrader,SPY,sell,market,new,1,gtc,0.0,1,stock,,,
2023-11-02 09:30:00-04:00,MLTrader,SPY,sell,market,fill,1,gtc,0.0,1,stock,426.5799865722656,25.0,0.0
2023-11-13 09:30:00-05:00,MLTrader,SPY,sell,market,new,1,gtc,0.0,1,stock,,,
2023-11-13 09:30:00-05:00,MLTrader,SPY,sell,market,fill,1,gtc,0.0,1,stock,439.2300109863281,30.0,0.0
2023-11-14 09:30:00-05:00,MLTrader,SPY,buy,limit,canceled,1,day,0.0,1,stock,,,
2023-11-14 09:30:00-05:00,MLTrader,SPY,buy,stop,fill,1,day,0.0,1,stock,447.9089859008789,25.0,0.0
2023-11-15 09:30:00-05:00,MLTrader,SPY,sell,market,new,1,gtc,0.0,1,stock,,,
2023-11-15 09:30:00-05:00,MLTrader,SPY,sell,market,fill,1,gtc,0.0,1,stock,450.1099853515625,31.0,0.0
2023-11-16 09:30:00-05:00,MLTrader,SPY,buy,limit,canceled,1,day,0.0,1,stock,,,
2023-11-16 09:30:00-05:00,MLTrader,SPY,buy,limit,canceled,1,day,0.0,1,stock,,,
2023-11-16 09:30:00-05:00,MLTrader,SPY,buy,stop,canceled,1,day,0.0,1,stock,,,
2023-11-16 09:30:00-05:00,MLTrader,SPY,buy,stop,canceled,1,day,0.0,1,stock,,,
2023-11-16 09:30:00-05:00,MLTrader,SPY,buy,market,new,1,day,0.0,1,stock,,,
2023-11-16 09:30:00-05:00,MLTrader,SPY,buy,market,new,1,gtc,0.0,1,stock,,,
2023-11-16 09:30:00-05:00,MLTrader,SPY,buy,market,fill,1,day,0.0,1,stock,449.2200012207031,61.0,0.0
2023-11-16 09:30:00-05:00,MLTrader,SPY,buy,market,fill,1,gtc,0.0,1,stock,449.2200012207031,39.0,0.0
2023-11-22 09:30:00-05:00,MLTrader,SPY,buy,market,new,1,gtc,0.0,1,stock,,,
2023-11-22 09:30:00-05:00,MLTrader,SPY,buy,market,fill,1,gtc,0.0,1,stock,454.9800109863281,13.0,0.0
2023-11-27 09:30:00-05:00,MLTrader,SPY,sell,stop,canceled,1,day,0.0,1,stock,,,
2023-11-27 09:30:00-05:00,MLTrader,SPY,sell,limit,canceled,1,day,0.0,1,stock,,,
2023-11-27 09:30:00-05:00,MLTrader,SPY,sell,limit,canceled,1,day,0.0,1,stock,,,
2023-11-27 09:30:00-05:00,MLTrader,SPY,sell,stop,canceled,1,day,0.0,1,stock,,,
2023-11-27 09:30:00-05:00,MLTrader,SPY,sell,market,new,1,day,0.0,1,stock,,,
2023-11-27 09:30:00-05:00,MLTrader,SPY,sell,market,new,1,gtc,0.0,1,stock,,,
2023-11-27 09:30:00-05:00,MLTrader,SPY,sell,market,fill,1,day,0.0,1,stock,454.6499938964844,52.0,0.0
2023-11-27 09:30:00-05:00,MLTrader,SPY,sell,market,fill,1,gtc,0.0,1,stock,454.6499938964844,10.0,0.0
2023-11-29 09:30:00-05:00,MLTrader,SPY,buy,stop,canceled,1,day,0.0,1,stock,,,
2023-11-29 09:30:00-05:00,MLTrader,SPY,buy,limit,canceled,1,day,0.0,1,stock,,,
2023-11-29 09:30:00-05:00,MLTrader,SPY,buy,market,new,1,day,0.0,1,stock,,,
2023-11-29 09:30:00-05:00,MLTrader,SPY,buy,market,new,1,gtc,0.0,1,stock,,,
2023-11-29 09:30:00-05:00,MLTrader,SPY,buy,market,fill,1,day,0.0,1,stock,457.1499938964844,10.0,0.0
2023-11-29 09:30:00-05:00,MLTrader,SPY,buy,market,fill,1,gtc,0.0,1,stock,457.1499938964844,25.0,0.0
2023-11-30 09:30:00-05:00,MLTrader,SPY,sell,stop,canceled,1,day,0.0,1,stock,,,
2023-11-30 09:30:00-05:00,MLTrader,SPY,sell,limit,canceled,1,day,0.0,1,stock,,,
2023-11-30 09:30:00-05:00,MLTrader,SPY,sell,market,new,1,day,0.0,1,stock,,,
2023-11-30 09:30:00-05:00,MLTrader,SPY,sell,market,new,1,gtc,0.0,1,stock,,,
2023-11-30 09:30:00-05:00,MLTrader,SPY,sell,market,fill,1,day,0.0,1,stock,455.4800109863281,25.0,0.0
2023-11-30 09:30:00-05:00,MLTrader,SPY,sell,market,fill,1,gtc,0.0,1,stock,455.4800109863281,17.0,0.0
2023-12-08 09:30:00-05:00,MLTrader,SPY,buy,stop,canceled,1,day,0.0,1,stock,,,
2023-12-08 09:30:00-05:00,MLTrader,SPY,buy,limit,canceled,1,day,0.0,1,stock,,,
2023-12-08 09:30:00-05:00,MLTrader,SPY,buy,market,new,1,day,0.0,1,stock,,,
2023-12-08 09:30:00-05:00,MLTrader,SPY,buy,market,new,1,gtc,0.0,1,stock,,,
2023-12-08 09:30:00-05:00,MLTrader,SPY,buy,market,fill,1,gtc,0.0,1,stock,457.4599914550781,27.0,0.0
2023-12-08 09:30:00-05:00,MLTrader,SPY,buy,market,fill,1,day,0.0,1,stock,457.4599914550781,17.0,0.0
2023-12-11 09:30:00-05:00,MLTrader,SPY,sell,stop,canceled,1,day,0.0,1,stock,,,
2023-12-11 09:30:00-05:00,MLTrader,SPY,sell,limit,canceled,1,day,0.0,1,stock,,,
2023-12-11 09:30:00-05:00,MLTrader,SPY,sell,market,new,1,day,0.0,1,stock,,,
2023-12-11 09:30:00-05:00,MLTrader,SPY,sell,market,new,1,gtc,0.0,1,stock,,,
2023-12-11 09:30:00-05:00,MLTrader,SPY,sell,market,fill,1,gtc,0.0,1,stock,459.69000244140625,16.0,0.0
2023-12-11 09:30:00-05:00,MLTrader,SPY,sell,market,fill,1,day,0.0,1,stock,459.69000244140625,27.0,0.0
2023-12-21 09:30:00-05:00,MLTrader,SPY,sell,market,new,1,gtc,0.0,1,stock,,,
2023-12-21 09:30:00-05:00,MLTrader,SPY,sell,market,fill,1,gtc,0.0,1,stock,471.3299865722656,26.0,0.0
2023-12-22 09:30:00-05:00,MLTrader,SPY,sell,market,new,1,gtc,0.0,1,stock,,,
2023-12-22 09:30:00-05:00,MLTrader,SPY,sell,market,fill,1,gtc,0.0,1,stock,473.8599853515625,33.0,0.0
2023-12-27 09:30:00-05:00,MLTrader,SPY,sell,market,new,1,gtc,0.0,1,stock,,,
2023-12-27 09:30:00-05:00,MLTrader,SPY,sell,market,fill,1,gtc,0.0,1,stock,475.44000244140625,41.0,0.0
2023-12-29 09:30:00-05:00,MLTrader,SPY,buy,stop,canceled,1,day,0.0,1,stock,,,
2023-12-29 09:30:00-05:00,MLTrader,SPY,buy,stop,canceled,1,day,0.0,1,stock,,,
2023-12-29 09:30:00-05:00,MLTrader,SPY,buy,limit,canceled,1,day,0.0,1,stock,,,
2023-12-29 09:30:00-05:00,MLTrader,SPY,buy,stop,canceled,1,day,0.0,1,stock,,,
2023-12-29 09:30:00-05:00,MLTrader,SPY,buy,limit,canceled,1,day,0.0,1,stock,,,
2023-12-29 09:30:00-05:00,MLTrader,SPY,buy,limit,canceled,1,day,0.0,1,stock,,,
2023-12-29 09:30:00-05:00,MLTrader,SPY,buy,stop,canceled,1,day,0.0,1,stock,,,
2023-12-29 09:30:00-05:00,MLTrader,SPY,buy,limit,canceled,1,day,0.0,1,stock,,,
2023-12-29 09:30:00-05:00,MLTrader,SPY,buy,market,new,1,day,0.0,1,stock,,,
2023-12-29 09:30:00-05:00,MLTrader,SPY,buy,market,new,1,gtc,0.0,1,stock,,,
2023-12-29 09:30:00-05:00,MLTrader,SPY,buy,market,fill,1,gtc,0.0,1,stock,476.489990234375,51.0,0.0
2023-12-29 09:30:00-05:00,MLTrader,SPY,buy,market,fill,1,day,0.0,1,stock,476.489990234375,116.0,0.0
2024-01-02 09:30:00-05:00,MLTrader,SPY,buy,market,new,1,gtc,0.0,1,stock,,,
2024-01-02 09:30:00-05:00,MLTrader,SPY,buy,market,fill,1,gtc,0.0,1,stock,472.1600036621094,9.0,0.0
2024-01-08 09:30:00-05:00,MLTrader,SPY,sell,stop,canceled,1,day,0.0,1,stock,,,
2024-01-08 09:30:00-05:00,MLTrader,SPY,sell,limit,canceled,1,day,0.0,1,stock,,,
2024-01-08 09:30:00-05:00,MLTrader,SPY,sell,stop,canceled,1,day,0.0,1,stock,,,
2024-01-08 09:30:00-05:00,MLTrader,SPY,sell,limit,canceled,1,day,0.0,1,stock,,,
2024-01-08 09:30:00-05:00,MLTrader,SPY,sell,market,new,1,day,0.0,1,stock,,,
2024-01-08 09:30:00-05:00,MLTrader,SPY,sell,market,new,1,gtc,0.0,1,stock,,,
2024-01-08 09:30:00-05:00,MLTrader,SPY,sell,market,fill,1,day,0.0,1,stock,468.42999267578125,60.0,0.0
2024-01-08 09:30:00-05:00,MLTrader,SPY,sell,market,fill,1,gtc,0.0,1,stock,468.42999267578125,7.0,0.0
2024-01-16 09:30:00-05:00,MLTrader,SPY,sell,market,new,1,gtc,0.0,1,stock,,,
2024-01-16 09:30:00-05:00,MLTrader,SPY,sell,market,fill,1,gtc,0.0,1,stock,475.260009765625,23.0,0.0
2024-01-17 09:30:00-05:00,MLTrader,SPY,sell,market,new,1,gtc,0.0,1,stock,,,
2024-01-17 09:30:00-05:00,MLTrader,SPY,sell,market,fill,1,gtc,0.0,1,stock,471.82000732421875,29.0,0.0
2024-01-18 09:30:00-05:00,MLTrader,SPY,buy,limit,canceled,1,day,0.0,1,stock,,,
2024-01-18 09:30:00-05:00,MLTrader,SPY,buy,stop,canceled,1,day,0.0,1,stock,,,
2024-01-18 09:30:00-05:00,MLTrader,SPY,buy,stop,canceled,1,day,0.0,1,stock,,,
2024-01-18 09:30:00-05:00,MLTrader,SPY,buy,stop,canceled,1,day,0.0,1,stock,,,
2024-01-18 09:30:00-05:00,MLTrader,SPY,buy,limit,canceled,1,day,0.0,1,stock,,,
2024-01-18 09:30:00-05:00,MLTrader,SPY,buy,limit,canceled,1,day,0.0,1,stock,,,
2024-01-18 09:30:00-05:00,MLTrader,SPY,buy,market,new,1,day,0.0,1,stock,,,
2024-01-18 09:30:00-05:00,MLTrader,SPY,buy,market,new,1,gtc,0.0,1,stock,,,
2024-01-18 09:30:00-05:00,MLTrader,SPY,buy,market,fill,1,day,0.0,1,stock,474.010009765625,59.0,0.0
2024-01-18 09:30:00-05:00,MLTrader,SPY,buy,market,fill,1,gtc,0.0,1,stock,474.010009765625,36.0,0.0
2024-01-29 09:30:00-05:00,MLTrader,SPY,sell,limit,canceled,1,day,0.0,1,stock,,,
2024-01-29 09:30:00-05:00,MLTrader,SPY,sell,stop,canceled,1,day,0.0,1,stock,,,
2024-01-29 09:30:00-05:00,MLTrader,SPY,sell,market,new,1,day,0.0,1,stock,,,
2024-01-29 09:30:00-05:00,MLTrader,SPY,sell,market,new,1,gtc,0.0,1,stock,,,
2024-01-29 09:30:00-05:00,MLTrader,SPY,sell,market,fill,1,gtc,0.0,1,stock,487.7300109863281,12.0,0.0
2024-01-29 09:30:00-05:00,MLTrader,SPY,sell,market,fill,1,day,0.0,1,stock,487.7300109863281,36.0,0.0
2024-01-30 09:30:00-05:00,MLTrader,SPY,sell,market,new,1,gtc,0.0,1,stock,,,
2024-01-30 09:30:00-05:00,MLTrader,SPY,sell,market,fill,1,gtc,0.0,1,stock,490.55999755859375,24.0,0.0
2024-02-06 09:30:00-05:00,MLTrader,SPY,sell,market,new,1,gtc,0.0,1,stock,,,
2024-02-06 09:30:00-05:00,MLTrader,SPY,sell,market,fill,1,gtc,0.0,1,stock,493.5199890136719,30.0,0.0
2024-02-08 09:30:00-05:00,MLTrader,SPY,buy,stop,canceled,1,day,0.0,1,stock,,,
2024-02-08 09:30:00-05:00,MLTrader,SPY,buy,stop,canceled,1,day,0.0,1,stock,,,
2024-02-08 09:30:00-05:00,MLTrader,SPY,buy,limit,canceled,1,day,0.0,1,stock,,,
2024-02-08 09:30:00-05:00,MLTrader,SPY,buy,limit,canceled,1,day,0.0,1,stock,,,
2024-02-08 09:30:00-05:00,MLTrader,SPY,buy,stop,canceled,1,day,0.0,1,stock,,,
2024-02-08 09:30:00-05:00,MLTrader,SPY,buy,limit,canceled,1,day,0.0,1,stock,,,
2024-02-08 09:30:00-05:00,MLTrader,SPY,buy,market,new,1,day,0.0,1,stock,,,
2024-02-08 09:30:00-05:00,MLTrader,SPY,buy,market,new,1,gtc,0.0,1,stock,,,
2024-02-08 09:30:00-05:00,MLTrader,SPY,buy,market,fill,1,day,0.0,1,stock,498.1000061035156,66.0,0.0
2024-02-08 09:30:00-05:00,MLTrader,SPY,buy,market,fill,1,gtc,0.0,1,stock,498.1000061035156,37.0,0.0
2024-02-09 09:30:00-05:00,MLTrader,SPY,sell,limit,canceled,1,day,0.0,1,stock,,,
2024-02-09 09:30:00-05:00,MLTrader,SPY,sell,stop,canceled,1,day,0.0,1,stock,,,
2024-02-09 09:30:00-05:00,MLTrader,SPY,sell,market,new,1,day,0.0,1,stock,,,
2024-02-09 09:30:00-05:00,MLTrader,SPY,sell,market,new,1,gtc,0.0,1,stock,,,
2024-02-09 09:30:00-05:00,MLTrader,SPY,sell,market,fill,1,day,0.0,1,stock,498.8399963378906,37.0,0.0
2024-02-09 09:30:00-05:00,MLTrader,SPY,sell,market,fill,1,gtc,0.0,1,stock,498.8399963378906,11.0,0.0
2024-02-12 09:30:00-05:00,MLTrader,SPY,buy,stop,canceled,1,day,0.0,1,stock,,,
2024-02-12 09:30:00-05:00,MLTrader,SPY,buy,limit,canceled,1,day,0.0,1,stock,,,
2024-02-12 09:30:00-05:00,MLTrader,SPY,buy,market,new,1,day,0.0,1,stock,,,
2024-02-12 09:30:00-05:00,MLTrader,SPY,buy,market,new,1,gtc,0.0,1,stock,,,
2024-02-12 09:30:00-05:00,MLTrader,SPY,buy,market,fill,1,day,0.0,1,stock,501.1700134277344,11.0,0.0
2024-02-12 09:30:00-05:00,MLTrader,SPY,buy,market,fill,1,gtc,0.0,1,stock,501.1700134277344,23.0,0.0
2024-02-13 09:30:00-05:00,MLTrader,SPY,sell,stop,canceled,1,day,0.0,1,stock,,,
2024-02-13 09:30:00-05:00,MLTrader,SPY,sell,limit,canceled,1,day,0.0,1,stock,,,
2024-02-13 09:30:00-05:00,MLTrader,SPY,sell,market,new,1,day,0.0,1,stock,,,
2024-02-13 09:30:00-05:00,MLTrader,SPY,sell,market,new,1,gtc,0.0,1,stock,,,
2024-02-13 09:30:00-05:00,MLTrader,SPY,sell,market,fill,1,day,0.0,1,stock,494.5299987792969,23.0,0.0
2024-02-13 09:30:00-05:00,MLTrader,SPY,sell,market,fill,1,gtc,0.0,1,stock,494.5299987792969,15.0,0.0
2024-02-14 09:30:00-05:00,MLTrader,SPY,sell,market,new,1,gtc,0.0,1,stock,,,
2024-02-14 09:30:00-05:00,MLTrader,SPY,sell,market,fill,1,gtc,0.0,1,stock,496.7900085449219,24.0,0.0
2024-02-15 09:30:00-05:00,MLTrader,SPY,sell,market,new,1,gtc,0.0,1,stock,,,
2024-02-15 09:30:00-05:00,MLTrader,SPY,sell,market,fill,1,gtc,0.0,1,stock,499.2900085449219,30.0,0.0
2024-02-28 09:30:00-05:00,MLTrader,SPY,sell,market,new,1,gtc,0.0,1,stock,,,
2024-02-28 09:30:00-05:00,MLTrader,SPY,sell,market,fill,1,gtc,0.0,1,stock,505.3299865722656,37.0,0.0
2024-03-04 09:30:00-05:00,MLTrader,SPY,buy,limit,canceled,1,day,0.0,1,stock,,,
2024-03-04 09:30:00-05:00,MLTrader,SPY,buy,stop,canceled,1,day,0.0,1,stock,,,
2024-03-04 09:30:00-05:00,MLTrader,SPY,buy,limit,canceled,1,day,0.0,1,stock,,,
2024-03-04 09:30:00-05:00,MLTrader,SPY,buy,limit,canceled,1,day,0.0,1,stock,,,
2024-03-04 09:30:00-05:00,MLTrader,SPY,buy,stop,canceled,1,day,0.0,1,stock,,,
2024-03-04 09:30:00-05:00,MLTrader,SPY,buy,limit,canceled,1,day,0.0,1,stock,,,
2024-03-04 09:30:00-05:00,MLTrader,SPY,buy,stop,canceled,1,day,0.0,1,stock,,,
2024-03-04 09:30:00-05:00,MLTrader,SPY,buy,stop,canceled,1,day,0.0,1,stock,,,
2024-03-04 09:30:00-05:00,MLTrader,SPY,buy,market,new,1,day,0.0,1,stock,,,
2024-03-04 09:30:00-05:00,MLTrader,SPY,buy,market,new,1,gtc,0.0,1,stock,,,
2024-03-04 09:30:00-05:00,MLTrader,SPY,buy,market,fill,1,gtc,0.0,1,stock,512.030029296875,46.0,0.0
2024-03-04 09:30:00-05:00,MLTrader,SPY,buy,market,fill,1,day,0.0,1,stock,512.030029296875,106.0,0.0
2024-03-07 09:30:00-05:00,MLTrader,SPY,sell,stop,canceled,1,day,0.0,1,stock,,,
2024-03-07 09:30:00-05:00,MLTrader,SPY,sell,limit,canceled,1,day,0.0,1,stock,,,
2024-03-07 09:30:00-05:00,MLTrader,SPY,sell,market,new,1,day,0.0,1,stock,,,
2024-03-07 09:30:00-05:00,MLTrader,SPY,sell,market,new,1,gtc,0.0,1,stock,,,
2024-03-07 09:30:00-05:00,MLTrader,SPY,sell,market,fill,1,day,0.0,1,stock,513.1400146484375,46.0,0.0
2024-03-07 09:30:00-05:00,MLTrader,SPY,sell,market,fill,1,gtc,0.0,1,stock,513.1400146484375,8.0,0.0
2024-04-01 09:30:00-04:00,MLTrader,SPY,buy,stop,canceled,1,day,0.0,1,stock,,,
2024-04-01 09:30:00-04:00,MLTrader,SPY,buy,limit,canceled,1,day,0.0,1,stock,,,
2024-04-01 09:30:00-04:00,MLTrader,SPY,buy,market,new,1,day,0.0,1,stock,,,
2024-04-01 09:30:00-04:00,MLTrader,SPY,buy,market,new,1,gtc,0.0,1,stock,,,
2024-04-01 09:30:00-04:00,MLTrader,SPY,buy,market,fill,1,gtc,0.0,1,stock,523.8300170898438,21.0,0.0
2024-04-01 09:30:00-04:00,MLTrader,SPY,buy,market,fill,1,day,0.0,1,stock,523.8300170898438,8.0,0.0
2024-04-03 09:30:00-04:00,MLTrader,SPY,buy,market,new,1,gtc,0.0,1,stock,,,
2024-04-03 09:30:00-04:00,MLTrader,SPY,buy,market,fill,1,gtc,0.0,1,stock,517.719970703125,14.0,0.0
2024-04-04 09:30:00-04:00,MLTrader,SPY,buy,market,new,1,gtc,0.0,1,stock,,,
2024-04-04 09:30:00-04:00,MLTrader,SPY,buy,market,fill,1,gtc,0.0,1,stock,523.52001953125,10.0,0.0
2024-04-05 09:30:00-04:00,MLTrader,SPY,sell,limit,canceled,1,day,0.0,1,stock,,,
2024-04-05 09:30:00-04:00,MLTrader,SPY,sell,limit,canceled,1,day,0.0,1,stock,,,
2024-04-05 09:30:00-04:00,MLTrader,SPY,sell,stop,canceled,1,day,0.0,1,stock,,,
2024-04-05 09:30:00-04:00,MLTrader,SPY,sell,stop,canceled,1,day,0.0,1,stock,,,
2024-04-05 09:30:00-04:00,MLTrader,SPY,sell,stop,canceled,1,day,0.0,1,stock,,,
2024-04-05 09:30:00-04:00,MLTrader,SPY,sell,limit,canceled,1,day,0.0,1,stock,,,
2024-04-05 09:30:00-04:00,MLTrader,SPY,sell,market,new,1,day,0.0,1,stock,,,
2024-04-05 09:30:00-04:00,MLTrader,SPY,sell,market,new,1,gtc,0.0,1,stock,,,
2024-04-05 09:30:00-04:00,MLTrader,SPY,sell,market,fill,1,gtc,0.0,1,stock,514.4600219726562,8.0,0.0
2024-04-05 09:30:00-04:00,MLTrader,SPY,sell,market,fill,1,day,0.0,1,stock,514.4600219726562,45.0,0.0
2024-04-10 09:30:00-04:00,MLTrader,SPY,sell,market,new,1,gtc,0.0,1,stock,,,
2024-04-10 09:30:00-04:00,MLTrader,SPY,sell,market,fill,1,gtc,0.0,1,stock,513.47998046875,21.0,0.0
2024-04-11 09:30:00-04:00,MLTrader,SPY,sell,market,new,1,gtc,0.0,1,stock,,,
2024-04-11 09:30:00-04:00,MLTrader,SPY,sell,market,fill,1,gtc,0.0,1,stock,515.6799926757812,26.0,0.0
2024-04-26 09:30:00-04:00,MLTrader,SPY,sell,market,new,1,gtc,0.0,1,stock,,,
2024-04-26 09:30:00-04:00,MLTrader,SPY,sell,market,fill,1,gtc,0.0,1,stock,506.3500061035156,33.0,0.0
2024-05-01 09:30:00-04:00,MLTrader,SPY,sell,market,new,1,gtc,0.0,1,stock,,,
2024-05-01 09:30:00-04:00,MLTrader,SPY,sell,market,fill,1,gtc,0.0,1,stock,501.3800048828125,42.0,0.0
2024-05-06 09:30:00-04:00,MLTrader,SPY,buy,stop,canceled,1,day,0.0,1,stock,,,
2024-05-06 09:30:00-04:00,MLTrader,SPY,buy,stop,canceled,1,day,0.0,1,stock,,,
2024-05-06 09:30:00-04:00,MLTrader,SPY,buy,limit,canceled,1,day,0.0,1,stock,,,
2024-05-06 09:30:00-04:00,MLTrader,SPY,buy,limit,canceled,1,day,0.0,1,stock,,,
2024-05-06 09:30:00-04:00,MLTrader,SPY,buy,limit,canceled,1,day,0.0,1,stock,,,
2024-05-06 09:30:00-04:00,MLTrader,SPY,buy,stop,canceled,1,day,0.0,1,stock,,,
2024-05-06 09:30:00-04:00,MLTrader,SPY,buy,limit,canceled,1,day,0.0,1,stock,,,
2024-05-06 09:30:00-04:00,MLTrader,SPY,buy,stop,canceled,1,day,0.0,1,stock,,,
2024-05-06 09:30:00-04:00,MLTrader,SPY,buy,limit,canceled,1,day,0.0,1,stock,,,
2024-05-06 09:30:00-04:00,MLTrader,SPY,buy,stop,canceled,1,day,0.0,1,stock,,,
2024-05-06 09:30:00-04:00,MLTrader,SPY,buy,market,new,1,day,0.0,1,stock,,,
2024-05-06 09:30:00-04:00,MLTrader,SPY,buy,market,new,1,gtc,0.0,1,stock,,,
2024-05-06 09:30:00-04:00,MLTrader,SPY,buy,market,fill,1,gtc,0.0,1,stock,513.75,51.0,0.0
2024-05-06 09:30:00-04:00,MLTrader,SPY,buy,market,fill,1,day,0.0,1,stock,513.75,130.0,0.0
2024-05-07 09:30:00-04:00,MLTrader,SPY,sell,limit,canceled,1,day,0.0,1,stock,,,
2024-05-07 09:30:00-04:00,MLTrader,SPY,sell,stop,canceled,1,day,0.0,1,stock,,,
2024-05-07 09:30:00-04:00,MLTrader,SPY,sell,market,new,1,day,0.0,1,stock,,,
2024-05-07 09:30:00-04:00,MLTrader,SPY,sell,market,new,1,gtc,0.0,1,stock,,,
2024-05-07 09:30:00-04:00,MLTrader,SPY,sell,market,fill,1,day,0.0,1,stock,517.5599975585938,51.0,0.0
2024-05-07 09:30:00-04:00,MLTrader,SPY,sell,market,fill,1,gtc,0.0,1,stock,517.5599975585938,6.0,0.0
2024-05-09 09:30:00-04:00,MLTrader,SPY,buy,stop,canceled,1,day,0.0,1,stock,,,
2024-05-09 09:30:00-04:00,MLTrader,SPY,buy,limit,canceled,1,day,0.0,1,stock,,,
2024-05-09 09:30:00-04:00,MLTrader,SPY,buy,market,new,1,day,0.0,1,stock,,,
2024-05-09 09:30:00-04:00,MLTrader,SPY,buy,market,new,1,gtc,0.0,1,stock,,,
2024-05-09 09:30:00-04:00,MLTrader,SPY,buy,market,fill,1,gtc,0.0,1,stock,517.3800048828125,20.0,0.0
2024-05-09 09:30:00-04:00,MLTrader,SPY,buy,market,fill,1,day,0.0,1,stock,517.3800048828125,6.0,0.0
2024-05-23 09:30:00-04:00,MLTrader,SPY,sell,limit,canceled,1,day,0.0,1,stock,,,
2024-05-23 09:30:00-04:00,MLTrader,SPY,sell,stop,canceled,1,day,0.0,1,stock,,,
2024-05-23 09:30:00-04:00,MLTrader,SPY,sell,market,new,1,day,0.0,1,stock,,,
2024-05-23 09:30:00-04:00,MLTrader,SPY,sell,market,new,1,gtc,0.0,1,stock,,,
2024-05-23 09:30:00-04:00,MLTrader,SPY,sell,market,fill,1,day,0.0,1,stock,532.9600219726562,20.0,0.0
2024-05-23 09:30:00-04:00,MLTrader,SPY,sell,market,fill,1,gtc,0.0,1,stock,532.9600219726562,13.0,0.0
2024-05-28 09:30:00-04:00,MLTrader,SPY,sell,market,new,1,gtc,0.0,1,stock,,,
2024-05-28 09:30:00-04:00,MLTrader,SPY,sell,market,fill,1,gtc,0.0,1,stock,530.27001953125,22.0,0.0
